-- MySQL dump 10.13  Distrib 8.0.23, for Win64 (x86_64)
--
-- Host: localhost    Database: vk2
-- ------------------------------------------------------
-- Server version	8.0.23

/*!40101 SET @OLD_CHARACTER_SET_CLIENT=@@CHARACTER_SET_CLIENT */;
/*!40101 SET @OLD_CHARACTER_SET_RESULTS=@@CHARACTER_SET_RESULTS */;
/*!40101 SET @OLD_COLLATION_CONNECTION=@@COLLATION_CONNECTION */;
/*!50503 SET NAMES utf8mb4 */;
/*!40103 SET @OLD_TIME_ZONE=@@TIME_ZONE */;
/*!40103 SET TIME_ZONE='+00:00' */;
/*!40014 SET @OLD_UNIQUE_CHECKS=@@UNIQUE_CHECKS, UNIQUE_CHECKS=0 */;
/*!40014 SET @OLD_FOREIGN_KEY_CHECKS=@@FOREIGN_KEY_CHECKS, FOREIGN_KEY_CHECKS=0 */;
/*!40101 SET @OLD_SQL_MODE=@@SQL_MODE, SQL_MODE='NO_AUTO_VALUE_ON_ZERO' */;
/*!40111 SET @OLD_SQL_NOTES=@@SQL_NOTES, SQL_NOTES=0 */;

--
-- Table structure for table `blacklist`
--

DROP TABLE IF EXISTS `blacklist`;
/*!40101 SET @saved_cs_client     = @@character_set_client */;
/*!50503 SET character_set_client = utf8mb4 */;
CREATE TABLE `blacklist` (
  `blacklist_id` bigint unsigned NOT NULL AUTO_INCREMENT,
  `user_id` bigint unsigned NOT NULL,
  `banned_user_id` bigint unsigned NOT NULL,
  PRIMARY KEY (`blacklist_id`),
  KEY `fk_blacklist_user_id_idx` (`user_id`),
  KEY `fk_blacklist_banned_user_id_idx` (`banned_user_id`),
  CONSTRAINT `fk_blacklist_banned_user_id` FOREIGN KEY (`banned_user_id`) REFERENCES `users` (`id`),
  CONSTRAINT `fk_blacklist_user_id` FOREIGN KEY (`user_id`) REFERENCES `users` (`id`)
) ENGINE=InnoDB DEFAULT CHARSET=utf8mb4 COLLATE=utf8mb4_0900_ai_ci;
/*!40101 SET character_set_client = @saved_cs_client */;

--
-- Dumping data for table `blacklist`
--

LOCK TABLES `blacklist` WRITE;
/*!40000 ALTER TABLE `blacklist` DISABLE KEYS */;
/*!40000 ALTER TABLE `blacklist` ENABLE KEYS */;
UNLOCK TABLES;

--
-- Table structure for table `communities`
--

DROP TABLE IF EXISTS `communities`;
/*!40101 SET @saved_cs_client     = @@character_set_client */;
/*!50503 SET character_set_client = utf8mb4 */;
CREATE TABLE `communities` (
  `id` bigint unsigned NOT NULL AUTO_INCREMENT,
  `name` varchar(145) CHARACTER SET utf8mb4 COLLATE utf8mb4_unicode_ci NOT NULL,
  `description` varchar(245) CHARACTER SET utf8mb4 COLLATE utf8mb4_unicode_ci DEFAULT NULL,
  `admin_id` bigint unsigned NOT NULL,
  PRIMARY KEY (`id`),
  KEY `fk_communities_users_admin_idx` (`admin_id`),
  CONSTRAINT `fk_communities_users` FOREIGN KEY (`admin_id`) REFERENCES `users` (`id`)
) ENGINE=InnoDB AUTO_INCREMENT=51 DEFAULT CHARSET=utf8mb4 COLLATE=utf8mb4_unicode_ci;
/*!40101 SET character_set_client = @saved_cs_client */;

--
-- Dumping data for table `communities`
--

LOCK TABLES `communities` WRITE;
/*!40000 ALTER TABLE `communities` DISABLE KEYS */;
INSERT INTO `communities` VALUES (1,'consequatur','Et deleniti reiciendis quidem iusto eum. Facilis non at temporibus qui eligendi laudantium natus. Dignissimos est tempora sit culpa. Molestiae molestias excepturi et iste vel.',1),(2,'eligendi','Qui qui necessitatibus explicabo ipsum nobis quia possimus. Culpa eligendi magnam consequuntur sed. Pariatur illo in et illo id. Qui corrupti non placeat veniam.',2),(3,'et','Molestias accusamus veniam qui quos aut commodi. Sit possimus asperiores magnam ut. Corrupti facere nam magnam ipsum quo.',3),(4,'accusantium','Et dolores ea nemo perspiciatis voluptas voluptas exercitationem velit. Iste dolores autem consequuntur enim. Dolor pariatur eius nisi quia.',4),(5,'laboriosam','Et quae sunt vel quis quo laborum voluptatem. Quasi magnam provident qui sapiente officia nam. Molestias dolorem facere facere doloribus dolor eum. Dolorem cum voluptatem voluptas rem totam.',5),(6,'est','Suscipit illum fuga voluptatem sint a ipsam culpa. Nemo adipisci deserunt at ea nam ipsam. Ea deserunt odio eligendi provident. Totam labore qui quas repudiandae sed id.',6),(7,'facilis','Perspiciatis veniam officia consequuntur tenetur voluptatem. Eaque id sit consequatur quas sunt sapiente velit. Similique modi nobis itaque dicta eius eligendi sit. Nemo nam aperiam autem quia.',7),(8,'facere','Consequatur labore voluptatem impedit. Odit fuga quam rerum molestias eum provident aspernatur. Est aut aut temporibus repellendus reiciendis quasi. Facilis et necessitatibus esse voluptatem cupiditate occaecati omnis.',8),(9,'doloribus','Placeat vel rerum ea ad. Optio omnis magnam voluptatem ea ullam. Non voluptatem sunt ad nulla corporis. Quae debitis facilis distinctio sit.',9),(10,'voluptatem','Quo et cumque officiis ut corporis. Et ut aut in voluptatum qui aliquid incidunt. Sed ut aut asperiores non. Ipsa itaque tempora velit aut quis magnam.',10),(11,'facere','Repudiandae animi optio aut rerum doloremque mollitia. Dolor fuga doloremque debitis. Aut rem asperiores qui ipsam sit vero aut illo. Recusandae modi incidunt quis nemo.',11),(12,'optio','Adipisci ut tempora aut enim ad rerum. Recusandae eaque earum perferendis sequi veritatis. Distinctio incidunt omnis similique quidem assumenda qui architecto maiores. Ad sint officia aut et sit dolores. Ut iste accusamus numquam sint earum.',12),(13,'et','Ullam aut exercitationem ducimus voluptas. Aut omnis dolorem id molestiae velit rerum. Blanditiis saepe aperiam explicabo eum.',13),(14,'expedita','Quia provident earum illo deleniti qui nobis. Aut deleniti iste inventore fuga. Voluptas velit excepturi quasi sint. Distinctio aut ad neque magnam voluptatem iusto illum.',14),(15,'dignissimos','Adipisci repellat sint ut explicabo a dolor est. Voluptatum debitis sit voluptate non. Ipsa ullam ab sed. Veniam repellendus accusantium beatae temporibus ipsa quia velit.',15),(16,'sed','Ut aliquam est nulla. Totam quam dolores sunt quidem ab dolor.',16),(17,'libero','Repellat sed voluptatum autem minima deleniti suscipit. Consequatur possimus nemo doloremque. Inventore labore doloribus et id earum est. Dolorem hic quo repellat quia eveniet.',17),(18,'aperiam','Labore qui facere perferendis soluta sequi nostrum accusantium. Magnam qui tenetur et enim amet animi et. Ut accusantium quo odit aperiam eligendi ipsum ab.',18),(19,'voluptate','Quibusdam aperiam sed eaque ut cum animi quae. Illo aut sint nisi rem. Vitae perferendis adipisci quod rerum aliquam. Repudiandae sint beatae sed perferendis.',19),(20,'numquam','Pariatur dolores aperiam molestiae voluptas. Fugiat nemo tempore aut et corrupti temporibus. Hic et consequatur consequuntur velit quo iure illo. Adipisci in in officia vel provident.',20),(21,'sit','Est culpa quis velit nemo maxime atque hic. Earum reiciendis inventore qui dolor accusamus voluptatem qui. Et dolorem quo sit adipisci. Praesentium iusto maiores praesentium.',21),(22,'quo','Ab beatae ea quas ipsum vero. Dignissimos voluptas sed est temporibus qui deserunt dolor. Rerum non veritatis sit beatae tenetur placeat odit officiis. Aliquam aut ad autem aut consectetur. Ducimus est minima et et quo itaque minima.',22),(23,'est','Aliquid est nostrum voluptatem amet. Dolor distinctio accusamus ea rerum id. Voluptas sit quos labore minima. Odio dolorum in consectetur.',23),(24,'dolorem','Omnis pariatur ipsum iste quia voluptatem aliquid. Eos laudantium et ut voluptates ut doloribus ea asperiores. Ea alias enim quo sint consequatur officia corrupti. Ad perferendis minus est eius atque quia.',24),(25,'qui','Quod sit nisi ut inventore harum sunt ipsa ea. Itaque ea quo voluptatem iste voluptatem voluptatem sint molestiae. Ullam debitis numquam doloribus. Qui ut non a quia fugiat. Nulla unde eos ut ut.',25),(26,'cumque','Et facere est ab omnis aperiam tempore aut et. Pariatur laudantium quia vel vel et. Totam numquam voluptas iure.',26),(27,'enim','Modi voluptatibus ut commodi id aut dolorum vero. Debitis praesentium dolores illo nam maxime culpa. Magnam et in sed voluptatibus velit. Quibusdam vel eius ea temporibus omnis rerum accusamus ut.',27),(28,'impedit','Explicabo non ut ratione commodi. Nihil et veritatis officia et voluptate et id ad. Quisquam ducimus sint magni nisi repellat.',28),(29,'assumenda','Et saepe non corporis itaque. Quis debitis cumque iste ratione facilis voluptatem. Atque totam sit veritatis tenetur maiores quisquam. Fugit nam a dicta cumque voluptas et qui. Voluptatem ex dolores odio.',29),(30,'quidem','Corrupti totam rerum distinctio dolorum velit. Sit voluptatem voluptas atque error omnis minima eum amet.',30),(31,'et','Voluptatem corrupti optio reprehenderit asperiores molestias. Nihil consequuntur sed non sint in eaque id id. Soluta ut non omnis laudantium qui voluptatum. Quod rerum doloremque nemo ut laboriosam voluptas.',31),(32,'voluptatum','Voluptatem eius cumque assumenda consequatur a. Ipsum accusamus veniam odit velit ratione quisquam laborum qui. Magni sit et numquam adipisci qui veritatis sapiente quod. Voluptatibus adipisci cupiditate dolore. Perspiciatis ut aut perferendis n',32),(33,'aut','Quod necessitatibus aut maiores voluptate velit consequatur. Perferendis odit totam aut est et voluptatem odit. Optio quidem quisquam adipisci quas distinctio harum corrupti. In ratione repudiandae dolorum sapiente nesciunt et excepturi.',33),(34,'temporibus','Quis ut quas eius consequatur dignissimos. Reiciendis cupiditate dicta id quia velit nemo. Eos non dolorem unde reiciendis voluptas eveniet sit. Architecto fugiat velit dolorem hic veniam quam nobis sed.',34),(35,'quia','Ut non ratione ut nisi alias. Vero eum voluptatibus magnam repellendus explicabo. Enim laboriosam a facilis voluptatum voluptas quibusdam quaerat vero. Ullam aut nobis occaecati labore repellat molestiae voluptates aut.',35),(36,'quia','Velit neque sed amet temporibus at consequatur ipsum. Et sed rerum beatae rem quo. Cum et fugit sunt iste ad temporibus quis. Iure harum harum nostrum architecto sequi.',36),(37,'voluptatem','Ea voluptas dolores illum dolor doloribus. Mollitia est repellat dolorem atque excepturi corporis. Nostrum omnis officiis aut debitis voluptatum at. Possimus placeat ea asperiores occaecati error quia quam.',37),(38,'sint','Voluptas corporis earum fugit eius. Voluptatem occaecati quibusdam aut voluptas accusantium vitae corporis tempora. Modi laboriosam in et provident voluptates qui.',38),(39,'omnis','Totam dolor id qui rerum optio numquam. Et pariatur qui eum aut. Dolor deleniti eos est omnis itaque quia similique.',39),(40,'iure','Laudantium accusantium eligendi consequatur modi exercitationem beatae. Animi quo et ut qui. Tenetur magni ipsa eos et sint.',40),(41,'a','Accusamus sed eius odio. Maiores est consectetur maiores repudiandae natus nemo quidem. Temporibus dolores dolorem sed totam qui. Molestiae ad error fugit in.',41),(42,'dolores','Sed totam quo deleniti qui quia tenetur vel. Ut illo reiciendis molestiae quis porro. Ipsam quibusdam dolor itaque molestiae.',42),(43,'saepe','Officia vel deleniti reiciendis tenetur ratione et similique est. Excepturi magnam corporis qui nam voluptatem. Facilis et quia aut ut.',43),(44,'animi','Officia dicta reiciendis nobis recusandae sit culpa delectus et. Ratione odit quisquam ut vitae eveniet ut iste. Repellat sed sed quibusdam itaque. Itaque earum dolores repellat praesentium.',44),(45,'cupiditate','Omnis qui voluptatem quia aut. Corporis vitae aut incidunt voluptatem.',45),(46,'cum','Vel facilis et sit nostrum atque. Id aut voluptatem quos et consequatur. Perspiciatis ducimus sunt dolorem fugit consequatur voluptatem. Quo impedit quod eum eius.',46),(47,'saepe','Similique modi velit nulla ut. Quae nam quisquam ut occaecati quae quos. Neque totam et earum eum aliquid id. Qui enim vero aut itaque voluptatem dicta est.',47),(48,'ut','Qui maiores sit atque nihil repellendus quia cumque. Eaque repellat est dicta animi fugit. Repellat doloremque aut incidunt officia est enim explicabo repellat.',48),(49,'qui','Blanditiis corporis iusto provident culpa. Accusantium rerum dolor aut odit. Rem cum non ut quis.',49),(50,'iure','Quo voluptatibus ut quis ipsam aliquam praesentium rerum. Eaque laboriosam excepturi atque facere. Ducimus quaerat non quia neque alias id maiores.',50);
/*!40000 ALTER TABLE `communities` ENABLE KEYS */;
UNLOCK TABLES;

--
-- Table structure for table `communities_users`
--

DROP TABLE IF EXISTS `communities_users`;
/*!40101 SET @saved_cs_client     = @@character_set_client */;
/*!50503 SET character_set_client = utf8mb4 */;
CREATE TABLE `communities_users` (
  `community_id` bigint unsigned NOT NULL,
  `user_id` bigint unsigned NOT NULL,
  `created_at` datetime NOT NULL DEFAULT CURRENT_TIMESTAMP,
  PRIMARY KEY (`community_id`,`user_id`),
  KEY `fk_communities_users_comm_idx` (`community_id`),
  KEY `fk_communities_users_users_idx` (`user_id`),
  CONSTRAINT `fk_communities_users_comm` FOREIGN KEY (`community_id`) REFERENCES `communities` (`id`),
  CONSTRAINT `fk_communities_users_users` FOREIGN KEY (`user_id`) REFERENCES `users` (`id`)
) ENGINE=InnoDB DEFAULT CHARSET=utf8mb4 COLLATE=utf8mb4_unicode_ci;
/*!40101 SET character_set_client = @saved_cs_client */;

--
-- Dumping data for table `communities_users`
--

LOCK TABLES `communities_users` WRITE;
/*!40000 ALTER TABLE `communities_users` DISABLE KEYS */;
INSERT INTO `communities_users` VALUES (1,1,'1995-05-27 13:09:53'),(1,51,'2011-01-21 21:02:17'),(2,2,'2009-06-07 10:51:18'),(2,52,'1995-07-29 09:40:08'),(3,3,'2007-06-01 15:43:00'),(3,53,'1980-04-07 08:29:05'),(4,4,'2010-02-15 13:41:31'),(4,54,'1991-11-02 22:00:29'),(5,5,'2004-06-07 05:47:17'),(5,55,'2008-09-08 10:20:59'),(6,6,'1991-04-10 06:09:40'),(6,56,'2002-11-29 06:49:44'),(7,7,'1971-01-28 15:41:29'),(7,57,'2012-06-24 09:24:49'),(8,8,'1972-12-21 17:48:42'),(8,58,'1990-05-28 16:58:07'),(9,9,'2012-07-26 14:03:13'),(9,59,'2020-10-25 00:49:14'),(10,10,'1997-12-15 16:57:31'),(10,60,'2005-09-12 05:28:31'),(11,11,'1997-05-24 06:05:44'),(11,61,'1977-04-15 00:47:46'),(12,12,'2011-12-31 07:50:40'),(12,62,'2015-06-02 04:13:09'),(13,13,'1982-10-29 23:13:24'),(13,63,'1970-09-13 04:58:02'),(14,14,'1998-12-01 15:24:53'),(14,64,'1972-09-29 01:47:22'),(15,15,'1998-08-03 06:31:12'),(15,65,'1974-05-30 18:16:47'),(16,16,'2000-05-04 09:31:18'),(16,66,'1989-04-28 21:16:02'),(17,17,'1983-07-26 06:06:32'),(17,67,'1991-05-13 02:48:25'),(18,18,'2000-11-26 01:54:27'),(18,68,'1977-02-05 02:25:21'),(19,19,'1994-01-07 18:24:26'),(19,69,'1992-04-08 13:02:48'),(20,20,'1985-04-07 21:25:17'),(20,70,'1987-07-30 07:03:59'),(21,21,'1977-01-20 09:35:23'),(21,71,'1981-07-05 20:16:04'),(22,22,'1978-06-18 05:39:54'),(22,72,'2007-11-16 08:34:25'),(23,23,'2009-06-28 00:50:17'),(23,73,'2003-05-06 00:29:52'),(24,24,'2008-02-13 13:08:02'),(24,74,'1987-03-14 12:31:48'),(25,25,'2016-03-03 11:37:42'),(25,75,'1996-08-29 07:26:38'),(26,26,'2002-12-18 19:59:41'),(26,76,'1970-05-22 07:24:10'),(27,27,'2014-06-19 11:37:18'),(27,77,'2014-05-11 10:39:17'),(28,28,'2010-01-16 14:26:15'),(28,78,'2008-10-18 18:50:42'),(29,29,'1987-11-27 23:49:41'),(29,79,'2010-11-27 23:46:26'),(30,30,'1972-02-04 03:32:57'),(30,80,'2019-09-24 22:03:20'),(31,31,'2004-03-15 20:17:26'),(31,81,'1974-10-01 18:07:23'),(32,32,'1989-09-05 23:19:28'),(32,82,'1974-04-14 07:31:07'),(33,33,'1990-10-20 23:07:31'),(33,83,'2017-08-05 15:29:41'),(34,34,'1991-02-23 00:36:31'),(34,84,'2010-11-03 17:02:36'),(35,35,'2011-09-25 22:40:39'),(35,85,'1993-09-28 14:18:31'),(36,36,'2018-01-18 16:27:36'),(36,86,'2004-05-19 20:16:08'),(37,37,'1972-02-22 11:34:21'),(37,87,'1980-11-19 07:33:38'),(38,38,'1979-10-21 18:42:56'),(38,88,'1991-12-05 05:43:39'),(39,39,'1989-07-22 08:55:05'),(39,89,'1974-10-02 08:41:58'),(40,40,'2010-05-24 20:51:08'),(40,90,'2020-06-29 02:19:04'),(41,41,'1970-12-08 08:43:31'),(41,91,'1976-01-03 17:04:00'),(42,42,'2003-12-14 01:57:50'),(42,92,'2000-05-31 06:46:56'),(43,43,'1976-09-03 18:16:08'),(43,93,'2012-10-24 15:45:18'),(44,44,'1997-04-03 13:03:28'),(44,94,'2015-12-17 18:26:42'),(45,45,'1986-06-05 10:49:19'),(45,95,'2002-08-23 17:12:36'),(46,46,'1979-08-09 19:57:51'),(46,96,'1983-08-07 17:59:23'),(47,47,'2004-10-25 03:47:54'),(47,97,'1973-11-02 23:39:55'),(48,48,'2013-06-27 16:21:43'),(48,98,'1984-08-13 23:51:00'),(49,49,'2011-05-02 06:03:13'),(49,99,'1999-08-13 08:56:11'),(50,50,'1981-08-30 21:30:26'),(50,100,'1984-07-21 09:16:32');
/*!40000 ALTER TABLE `communities_users` ENABLE KEYS */;
UNLOCK TABLES;

--
-- Table structure for table `friend_requests`
--

DROP TABLE IF EXISTS `friend_requests`;
/*!40101 SET @saved_cs_client     = @@character_set_client */;
/*!50503 SET character_set_client = utf8mb4 */;
CREATE TABLE `friend_requests` (
  `from_user_id` bigint unsigned NOT NULL,
  `to_user_id` bigint unsigned NOT NULL,
  `accepted` tinyint(1) DEFAULT '0',
  `created_at` datetime DEFAULT CURRENT_TIMESTAMP,
  `updated_at` datetime DEFAULT NULL ON UPDATE CURRENT_TIMESTAMP,
  PRIMARY KEY (`from_user_id`,`to_user_id`),
  KEY `fk_friend_requests_from_user_idx` (`from_user_id`),
  KEY `fk_friend_requests_to_user_idx` (`to_user_id`),
  CONSTRAINT `fk_friend_requests_users_1` FOREIGN KEY (`from_user_id`) REFERENCES `users` (`id`),
  CONSTRAINT `fk_friend_requests_users_2` FOREIGN KEY (`to_user_id`) REFERENCES `users` (`id`)
) ENGINE=InnoDB DEFAULT CHARSET=utf8mb4 COLLATE=utf8mb4_unicode_ci;
/*!40101 SET character_set_client = @saved_cs_client */;

--
-- Dumping data for table `friend_requests`
--

LOCK TABLES `friend_requests` WRITE;
/*!40000 ALTER TABLE `friend_requests` DISABLE KEYS */;
INSERT INTO `friend_requests` VALUES (1,1,0,'1974-04-03 21:45:39','2017-11-27 16:44:21'),(2,2,0,'2016-03-20 14:29:48','1983-03-10 08:02:27'),(3,3,0,'2012-07-05 00:47:15','2014-07-14 11:46:38'),(4,4,0,'1994-04-20 17:20:10','2005-04-07 22:43:23'),(5,5,0,'2015-12-11 01:02:22','1972-03-09 13:21:52'),(6,6,0,'1974-11-30 05:36:21','1985-11-17 18:37:16'),(7,7,0,'1987-01-29 01:57:27','2020-08-05 05:55:23'),(8,8,0,'2004-10-14 11:05:26','1990-11-03 20:56:47'),(9,9,0,'1975-10-24 11:06:33','2004-08-18 13:03:33'),(10,10,0,'1975-09-03 04:07:33','2008-09-25 13:00:50'),(11,11,0,'1987-09-16 15:05:12','2019-02-06 18:17:06'),(12,12,0,'1980-12-12 07:55:52','2005-06-16 23:03:54'),(13,13,0,'1981-09-20 23:37:13','1974-05-26 01:40:48'),(14,14,0,'2016-12-07 03:32:17','2013-07-19 12:38:35'),(15,15,0,'1981-07-24 11:14:22','1994-07-18 13:11:25'),(16,16,0,'2008-11-28 23:50:34','1997-12-09 23:57:23'),(17,17,0,'2016-10-07 16:00:56','1979-06-02 22:24:15'),(18,18,0,'1973-10-29 01:19:25','2018-02-02 17:55:09'),(19,19,0,'1998-05-29 04:40:27','1983-12-08 12:54:22'),(20,20,0,'1977-07-26 10:21:18','1987-02-22 00:09:54'),(21,21,0,'1985-05-28 17:25:59','1987-01-11 09:02:31'),(22,22,0,'2011-08-12 21:09:32','2018-10-01 21:50:31'),(23,23,0,'2012-11-07 05:23:48','1998-04-26 23:00:01'),(24,24,0,'2017-02-05 12:57:21','2006-09-06 15:42:18'),(25,25,0,'2017-01-18 01:55:52','1973-06-22 09:54:44'),(26,26,0,'2002-12-06 10:21:32','1980-08-24 07:06:05'),(27,27,0,'2001-09-05 22:41:11','1999-12-27 11:52:25'),(28,28,0,'1970-02-25 05:47:38','1979-01-13 01:29:48'),(29,29,0,'1998-08-13 19:35:03','2017-07-11 23:07:10'),(30,30,0,'2004-05-04 03:09:07','1989-03-08 11:01:49');
/*!40000 ALTER TABLE `friend_requests` ENABLE KEYS */;
UNLOCK TABLES;

--
-- Table structure for table `media`
--

DROP TABLE IF EXISTS `media`;
/*!40101 SET @saved_cs_client     = @@character_set_client */;
/*!50503 SET character_set_client = utf8mb4 */;
CREATE TABLE `media` (
  `id` bigint unsigned NOT NULL AUTO_INCREMENT,
  `user_id` bigint unsigned NOT NULL,
  `media_types_id` int unsigned NOT NULL,
  `file_name` varchar(245) CHARACTER SET utf8mb4 COLLATE utf8mb4_unicode_ci DEFAULT NULL COMMENT '/files/folder/img.png',
  `file_size` bigint DEFAULT NULL,
  `created_at` datetime NOT NULL DEFAULT CURRENT_TIMESTAMP,
  PRIMARY KEY (`id`),
  KEY `fk_media_media_types_idx` (`media_types_id`),
  KEY `fk_media_users_idx` (`user_id`),
  CONSTRAINT `fk_media_media_types` FOREIGN KEY (`media_types_id`) REFERENCES `media_types` (`id`),
  CONSTRAINT `fk_media_users` FOREIGN KEY (`user_id`) REFERENCES `users` (`id`)
) ENGINE=InnoDB AUTO_INCREMENT=101 DEFAULT CHARSET=utf8mb4 COLLATE=utf8mb4_unicode_ci;
/*!40101 SET character_set_client = @saved_cs_client */;

--
-- Dumping data for table `media`
--

LOCK TABLES `media` WRITE;
/*!40000 ALTER TABLE `media` DISABLE KEYS */;
INSERT INTO `media` VALUES (1,1,1,'iure',3700,'1980-06-25 03:08:45'),(2,2,2,'ipsam',6090500,'1978-07-27 05:14:06'),(3,3,3,'reprehenderit',35240625,'1972-07-29 07:56:46'),(4,4,4,'eum',3361,'1981-10-16 03:23:58'),(5,5,1,'cumque',2765,'1993-07-25 01:48:51'),(6,6,2,'non',43,'2004-07-10 00:22:01'),(7,7,3,'reiciendis',464150118,'2013-02-27 20:23:33'),(8,8,4,'harum',587,'1977-08-16 16:19:44'),(9,9,1,'non',4,'1999-08-27 22:03:15'),(10,10,2,'placeat',80796,'1978-01-01 03:18:17'),(11,11,3,'assumenda',7258,'1982-12-21 15:10:50'),(12,12,4,'corporis',2520426,'1980-05-24 21:07:54'),(13,13,1,'autem',77454,'1972-12-20 20:25:13'),(14,14,2,'sed',4,'1998-03-27 07:39:55'),(15,15,3,'ut',65218,'1996-12-30 04:56:13'),(16,16,4,'illum',253697542,'1991-06-13 19:38:38'),(17,17,1,'reiciendis',50,'2010-07-23 17:23:09'),(18,18,2,'perferendis',9157197,'1981-10-25 07:02:37'),(19,19,3,'magnam',1451816,'1981-11-01 02:32:09'),(20,20,4,'dolore',14653,'2018-04-17 16:58:00'),(21,21,1,'quis',76758,'2002-01-22 00:07:41'),(22,22,2,'voluptatem',6128,'1984-10-18 14:06:06'),(23,23,3,'dolor',7849800,'2020-05-08 09:05:23'),(24,24,4,'fugit',75135,'1974-02-13 00:59:14'),(25,25,1,'similique',503848008,'1978-04-13 16:02:25'),(26,26,2,'aliquid',859,'2018-09-11 02:56:12'),(27,27,3,'blanditiis',0,'1981-12-10 10:56:47'),(28,28,4,'id',749604248,'1996-02-13 14:59:02'),(29,29,1,'eveniet',56,'1975-11-26 06:32:28'),(30,30,2,'quis',719033,'1973-06-21 02:33:41'),(31,31,3,'perferendis',1,'1999-10-10 16:30:01'),(32,32,4,'officia',262,'2014-08-15 07:15:45'),(33,33,1,'alias',471,'1993-05-27 01:02:29'),(34,34,2,'neque',8407,'1988-09-07 01:57:26'),(35,35,3,'adipisci',14,'2003-11-24 16:46:39'),(36,36,4,'aliquid',0,'1980-01-13 17:49:05'),(37,37,1,'eius',1340,'1993-07-19 07:26:47'),(38,38,2,'nostrum',3,'1999-12-12 06:35:30'),(39,39,3,'ut',60474623,'2000-11-17 07:32:41'),(40,40,4,'voluptatem',605799,'1975-04-15 12:29:41'),(41,41,1,'sequi',888,'2001-10-01 22:47:06'),(42,42,2,'autem',2216,'1990-02-08 01:27:20'),(43,43,3,'quia',50689927,'1992-01-14 01:36:46'),(44,44,4,'architecto',44052978,'2004-09-07 00:23:46'),(45,45,1,'ut',234317355,'1984-10-21 11:27:41'),(46,46,2,'voluptas',0,'2019-04-21 09:01:50'),(47,47,3,'officiis',859663,'1976-03-18 22:30:16'),(48,48,4,'earum',50275683,'2018-10-01 14:02:53'),(49,49,1,'sequi',42,'2009-05-29 20:16:20'),(50,50,2,'similique',0,'2016-12-24 04:25:32'),(51,51,3,'itaque',0,'2010-08-21 07:31:41'),(52,52,4,'sit',7691407,'1983-04-30 18:51:08'),(53,53,1,'occaecati',372152151,'1980-11-24 11:15:16'),(54,54,2,'quos',5550,'1998-07-24 09:38:03'),(55,55,3,'dignissimos',0,'1996-12-28 00:44:09'),(56,56,4,'omnis',906,'2001-11-04 20:18:25'),(57,57,1,'aut',1,'2015-01-27 14:20:59'),(58,58,2,'molestias',9755732,'2002-12-26 11:54:14'),(59,59,3,'ipsa',0,'2003-04-22 13:54:48'),(60,60,4,'quasi',5634,'1973-01-09 08:43:54'),(61,61,1,'ut',7,'1998-11-28 00:51:07'),(62,62,2,'animi',624557867,'1983-03-13 00:44:34'),(63,63,3,'non',0,'1981-11-21 14:17:54'),(64,64,4,'labore',3,'1994-07-23 12:05:13'),(65,65,1,'omnis',5623,'1979-10-06 11:18:18'),(66,66,2,'animi',76216945,'2008-08-18 00:24:29'),(67,67,3,'velit',696,'1977-03-02 21:43:58'),(68,68,4,'sunt',720,'1986-07-18 13:48:27'),(69,69,1,'harum',84735,'1991-09-22 08:57:18'),(70,70,2,'quisquam',2,'1974-10-24 14:40:33'),(71,71,3,'inventore',94,'2020-10-13 15:33:37'),(72,72,4,'in',62723,'1980-12-23 05:10:04'),(73,73,1,'voluptas',371406955,'2005-06-21 23:06:30'),(74,74,2,'maiores',0,'1980-10-23 00:59:08'),(75,75,3,'voluptas',592384986,'1979-01-13 10:05:37'),(76,76,4,'at',621685367,'1973-01-24 16:18:57'),(77,77,1,'qui',32126,'2006-09-06 00:36:16'),(78,78,2,'et',0,'2004-10-21 21:43:48'),(79,79,3,'non',1139409,'2020-01-06 04:08:33'),(80,80,4,'labore',84118960,'1980-06-23 08:36:23'),(81,81,1,'dolore',6122954,'2018-08-04 17:55:14'),(82,82,2,'qui',7570560,'1976-01-11 09:05:02'),(83,83,3,'voluptas',947,'1978-04-16 20:53:53'),(84,84,4,'beatae',691,'2014-09-15 11:28:02'),(85,85,1,'voluptates',795118,'2000-09-19 06:12:16'),(86,86,2,'voluptate',8,'1999-03-13 19:18:10'),(87,87,3,'eos',2881,'1980-08-27 10:10:19'),(88,88,4,'quia',32,'1973-11-04 21:21:30'),(89,89,1,'atque',7431,'1981-03-29 08:18:30'),(90,90,2,'officiis',3,'2003-10-21 08:01:09'),(91,91,3,'nam',9,'2009-06-24 23:47:02'),(92,92,4,'modi',0,'2007-06-08 18:17:32'),(93,93,1,'dolore',62618758,'2006-07-22 22:30:07'),(94,94,2,'labore',8,'1992-07-28 17:56:56'),(95,95,3,'corporis',82325,'1992-03-07 13:17:55'),(96,96,4,'vel',4529,'2005-07-16 05:48:23'),(97,97,1,'officiis',34526866,'1997-05-31 14:46:36'),(98,98,2,'impedit',82,'2001-03-24 03:35:24'),(99,99,3,'at',0,'1980-07-15 15:56:29'),(100,100,4,'laborum',6,'1984-05-06 13:47:32');
/*!40000 ALTER TABLE `media` ENABLE KEYS */;
UNLOCK TABLES;

--
-- Table structure for table `media_types`
--

DROP TABLE IF EXISTS `media_types`;
/*!40101 SET @saved_cs_client     = @@character_set_client */;
/*!50503 SET character_set_client = utf8mb4 */;
CREATE TABLE `media_types` (
  `id` int unsigned NOT NULL AUTO_INCREMENT,
  `name` varchar(45) CHARACTER SET utf8mb4 COLLATE utf8mb4_unicode_ci NOT NULL,
  PRIMARY KEY (`id`),
  UNIQUE KEY `name` (`name`)
) ENGINE=InnoDB AUTO_INCREMENT=5 DEFAULT CHARSET=utf8mb4 COLLATE=utf8mb4_unicode_ci;
/*!40101 SET character_set_client = @saved_cs_client */;

--
-- Dumping data for table `media_types`
--

LOCK TABLES `media_types` WRITE;
/*!40000 ALTER TABLE `media_types` DISABLE KEYS */;
INSERT INTO `media_types` VALUES (3,'ai'),(2,'h264'),(1,'mks'),(4,'mvb');
/*!40000 ALTER TABLE `media_types` ENABLE KEYS */;
UNLOCK TABLES;

--
-- Table structure for table `messages`
--

DROP TABLE IF EXISTS `messages`;
/*!40101 SET @saved_cs_client     = @@character_set_client */;
/*!50503 SET character_set_client = utf8mb4 */;
CREATE TABLE `messages` (
  `id` bigint unsigned NOT NULL AUTO_INCREMENT,
  `from_user_id` bigint unsigned NOT NULL,
  `to_user_id` bigint unsigned NOT NULL,
  `txt` text CHARACTER SET utf8mb4 COLLATE utf8mb4_unicode_ci NOT NULL,
  `is_delivered` tinyint(1) DEFAULT '0',
  `created_at` datetime NOT NULL DEFAULT CURRENT_TIMESTAMP,
  `updated_at` datetime DEFAULT NULL ON UPDATE CURRENT_TIMESTAMP,
  PRIMARY KEY (`id`),
  KEY `fk_messages_from_user_idx` (`from_user_id`),
  KEY `fk_messages_to_user_idx` (`to_user_id`),
  CONSTRAINT `fk_messages_users_1` FOREIGN KEY (`from_user_id`) REFERENCES `users` (`id`),
  CONSTRAINT `fk_messages_users_2` FOREIGN KEY (`to_user_id`) REFERENCES `users` (`id`)
) ENGINE=InnoDB AUTO_INCREMENT=201 DEFAULT CHARSET=utf8mb4 COLLATE=utf8mb4_unicode_ci;
/*!40101 SET character_set_client = @saved_cs_client */;

--
-- Dumping data for table `messages`
--

LOCK TABLES `messages` WRITE;
/*!40000 ALTER TABLE `messages` DISABLE KEYS */;
INSERT INTO `messages` VALUES (1,1,1,'Recusandae ipsam sunt iusto et cupiditate. Voluptatem esse exercitationem beatae voluptates quis. Sit quia quidem voluptas voluptatem ut pariatur. Odio in quia architecto magni.',1,'1994-02-22 13:06:25','2007-12-23 06:52:13'),(2,2,2,'Aut sint ad exercitationem deserunt quo delectus. Qui quod velit corporis deleniti ducimus id atque nulla. Eius nemo porro alias voluptates consequatur excepturi doloribus sequi.',0,'1972-10-14 10:01:18','1976-03-12 06:49:22'),(3,3,3,'Sed aut vel illo assumenda ut. Voluptas occaecati dicta aut officia. Eaque aut at sunt molestiae. Assumenda cupiditate sed culpa facere corporis.',1,'1979-04-25 16:47:03','1992-09-15 14:08:54'),(4,4,4,'Ea officia fugit assumenda dolor laborum qui. Sint qui reprehenderit praesentium quis et eos. Facilis ut eos assumenda quidem repellat modi. Et sint fuga dolorum voluptatum voluptatem eaque.',1,'1993-03-04 21:03:51','2012-07-24 09:47:28'),(5,5,5,'Quam earum occaecati nam sed omnis dolore qui. Vitae et ab accusantium possimus aut ea eum. Qui quia repudiandae vel quos illum temporibus aliquam. Repellat laborum aliquam voluptatibus beatae omnis.',1,'2015-05-19 17:02:38','1978-11-17 07:12:22'),(6,6,6,'Velit aut quo voluptatem aut. Ab iste ex et maiores culpa. Voluptas eum non beatae quaerat. Id et sint omnis dolorem aperiam aut.',0,'1992-07-05 07:07:21','1993-11-25 12:59:33'),(7,7,7,'Sit nesciunt est est expedita rerum. Amet repudiandae omnis autem. Adipisci dolor similique et distinctio voluptates laboriosam. Delectus minus est fuga explicabo odit magnam aut labore. Rerum exercitationem similique sit debitis officiis harum ex.',0,'1990-06-14 17:47:19','1995-12-06 01:12:23'),(8,8,8,'Dolorem eos iste laboriosam nostrum. Architecto harum est incidunt vitae facere. Sint error eaque saepe neque quod officiis.',0,'1987-12-06 11:56:00','1970-12-30 19:21:24'),(9,9,9,'Et voluptatum quisquam labore aut. Totam animi accusantium corrupti recusandae repellat veritatis sunt.',1,'2001-02-05 22:09:44','1972-07-05 00:15:36'),(10,10,10,'Facilis veritatis molestiae enim. Dolor eaque quibusdam consequatur maxime excepturi. Vel debitis facilis et eveniet quidem voluptatem eveniet. Vel rerum dolor labore.',0,'2010-04-24 10:21:24','2005-09-07 18:53:56'),(11,11,11,'Qui sed nihil aut voluptate qui iusto. Est pariatur ut aut facere occaecati sed molestiae voluptates. Et adipisci ab cumque suscipit tenetur pariatur quia magni. Est laudantium recusandae eos quibusdam est illum reprehenderit consectetur.',0,'1990-12-16 07:43:09','1973-06-29 00:31:00'),(12,12,12,'Nobis iste expedita blanditiis in quidem ut dolorum. Laboriosam iusto impedit deleniti nam dolorem ea. Dolor eos dolorem perspiciatis delectus at rerum. Odit consequuntur delectus sint et corrupti ipsa nulla cum.',1,'2000-05-17 02:20:02','2012-09-13 20:28:05'),(13,13,13,'Quia nisi sequi et velit pariatur dolorem. Sunt soluta in impedit ut asperiores expedita ut laboriosam. Enim error quos enim et. Eos temporibus voluptatum voluptas cumque iusto minima.',1,'1994-04-24 06:27:50','1987-09-19 22:10:39'),(14,14,14,'Consequatur et aut eum dolor. Sed ut non est fugit non sed earum. Rerum rerum voluptatum praesentium eum accusamus dolorem qui. Exercitationem voluptas sequi dolores voluptates alias corporis.',0,'2002-12-16 21:17:35','2018-07-31 07:29:18'),(15,15,15,'Maxime et pariatur ipsa laudantium esse in. Non dolorem debitis exercitationem exercitationem qui sit. Voluptatem minus dolor reiciendis porro placeat distinctio dolore perspiciatis.',1,'1977-08-16 09:35:34','1984-09-13 22:11:12'),(16,16,16,'Saepe repellat et sequi architecto animi aliquam quia. Quibusdam consectetur dicta odio ab aliquam. Vitae voluptas qui et nulla. Est cumque dignissimos voluptate ratione facere et.',1,'1972-11-23 00:18:58','2002-02-14 08:33:29'),(17,17,17,'Nam quo iste sit quia aut libero. Voluptatum sunt rerum provident et numquam consectetur libero. Aliquid velit sit et eos qui. Hic voluptate voluptatem consequatur non sunt eligendi.',1,'1975-10-13 09:17:42','2004-05-22 06:09:53'),(18,18,18,'Fugiat est rerum ut deserunt minus qui. Nostrum exercitationem sed aut sapiente ea.',1,'2016-03-23 06:39:56','1988-07-13 23:05:17'),(19,19,19,'Aut ut illum sed a ut. Id perspiciatis molestiae harum itaque voluptates molestiae. Earum modi vel voluptas fugiat. Corporis repellendus eum dolor ut.',0,'2011-12-09 20:22:58','1987-06-28 09:00:18'),(20,20,20,'Ut sunt sit ipsa ut et laboriosam reprehenderit. Nostrum porro veritatis error ea fugiat explicabo.',1,'1974-05-30 18:10:05','1971-08-02 18:10:21'),(21,21,21,'Libero labore perspiciatis qui quia laborum aut dolores. Alias voluptatem dolor provident est perspiciatis voluptas aut. Perspiciatis provident repellat reiciendis fugiat ut qui non. Necessitatibus minima labore impedit tempora.',1,'1998-07-03 08:19:32','1983-07-25 11:26:08'),(22,22,22,'Et itaque nemo et placeat dolorem temporibus quasi. Aperiam porro omnis magni.',0,'1984-12-25 07:05:04','1974-03-17 11:21:19'),(23,23,23,'Aliquam sint sapiente quia commodi. Est repudiandae fuga maxime qui. Et quo voluptates velit fugit explicabo reiciendis. Quia aut debitis et dolores.',0,'1996-12-08 01:39:30','1989-09-15 09:30:28'),(24,24,24,'Sit soluta nesciunt illo perferendis tempore error facere. Ut rem voluptatem voluptas laboriosam. Illo ab sunt non modi.',1,'1997-09-27 19:14:11','1987-11-15 01:35:29'),(25,25,25,'Sint aut veritatis inventore eius sapiente quo. Similique autem ratione ipsa fugit temporibus provident ut dolorum. Neque vel a rem velit voluptas vitae. Voluptatibus odio est neque est blanditiis.',0,'1975-02-10 19:44:55','1975-04-09 19:19:11'),(26,26,26,'Doloremque sed ipsum ullam et quis. Provident vitae et a quos perspiciatis molestiae aliquid. Et et impedit harum optio. Nisi neque ea rerum doloremque quia.',1,'2009-11-03 06:48:52','1984-09-18 19:40:43'),(27,27,27,'Reiciendis explicabo occaecati assumenda. Voluptatem amet nulla rerum nihil debitis. Consequuntur quidem ducimus sunt et.',0,'1994-02-27 03:41:45','2003-06-23 04:54:10'),(28,28,28,'Pariatur et harum qui et fugiat rem nostrum deleniti. Magni totam amet consectetur nostrum. Est veniam nemo repellendus unde qui autem.',0,'2020-01-04 06:58:49','1985-05-17 09:49:35'),(29,29,29,'Inventore eos laudantium veritatis soluta amet. Quia natus incidunt consequatur laborum. Repellendus cumque repudiandae quasi illo aliquam nihil. Blanditiis eum sed soluta est. Mollitia voluptas pariatur ut expedita odio in.',0,'2009-02-18 15:44:16','1972-02-26 07:50:59'),(30,30,30,'Inventore qui consequuntur ut. Hic expedita officiis dolore nisi.',1,'1993-12-22 03:30:06','2016-05-27 08:25:32'),(31,31,31,'Distinctio nihil architecto temporibus. Iste aut sequi earum et eos voluptatem. Temporibus aut non molestiae ut est. Quia sint quaerat voluptates esse enim cumque. Ullam provident eos inventore velit et soluta esse.',0,'2019-09-15 12:09:39','1996-10-24 13:59:47'),(32,32,32,'Ab porro adipisci commodi aut culpa. Ipsam quisquam ad quia. Reprehenderit doloribus ipsa eaque fugit. Cumque tenetur consequuntur dolores velit.',0,'2012-02-12 13:23:50','1975-04-07 13:07:59'),(33,33,33,'Doloremque in assumenda aut soluta quam a ea. Maxime quis sint dolorum quia mollitia velit. Velit ducimus saepe maiores in quisquam. Et et nesciunt et totam quia.',0,'2009-03-23 13:44:51','2017-08-08 09:55:45'),(34,34,34,'Alias quo expedita dolorum possimus vitae dolores facere. Provident nam repellat fugiat assumenda ad facere aut. Vel culpa ut odio quam.',0,'2012-06-07 07:43:07','2013-04-10 15:55:25'),(35,35,35,'Aliquid tempore est atque. Earum fuga consequatur ratione deleniti nulla voluptatibus. Quo doloremque architecto sapiente repudiandae.',0,'1991-09-26 04:26:25','2009-11-01 16:36:16'),(36,36,36,'Ab sed delectus ipsam quibusdam non nam. Tenetur magnam praesentium eligendi. Et fuga ut reprehenderit. Quis tenetur ea soluta iste libero voluptatem.',1,'2007-10-24 22:08:28','2005-11-19 23:31:53'),(37,37,37,'Et sint voluptas iure vel minima. Est animi sint ut inventore quo qui.',1,'2002-05-29 18:06:29','1999-12-17 02:02:31'),(38,38,38,'Qui et quia officia aut perferendis aliquam. Ab quo sed inventore delectus sed deleniti rerum. Consequatur velit quidem optio voluptatum quidem itaque voluptatum. Non aspernatur qui sequi et. Non expedita excepturi aut et.',1,'2005-06-19 23:49:47','2007-07-18 08:43:23'),(39,39,39,'Ad corporis vel laborum saepe rerum et. Modi ut corporis id amet suscipit doloremque. Perferendis ut rerum aut veritatis.',0,'1997-12-17 12:14:16','1999-09-29 20:35:52'),(40,40,40,'Fuga nulla nihil maxime non ullam repellendus autem. Sit voluptatem sapiente eum enim laborum expedita. Assumenda est fugiat facilis inventore rerum quis.',1,'1990-10-13 23:52:21','1991-04-03 16:13:41'),(41,41,41,'Voluptate omnis excepturi possimus omnis. Eos suscipit nobis necessitatibus sed. Ipsam eius perspiciatis repellat qui eius dolorem excepturi nam. Ullam impedit asperiores quasi accusantium quo voluptatem.',1,'1991-06-01 16:01:45','1992-05-16 20:57:54'),(42,42,42,'Qui voluptatum quae dolorum id mollitia assumenda omnis. Blanditiis harum aut consequatur et dolorum. Quia voluptatum vel nisi incidunt temporibus et quos. Sint voluptatem quasi at sit placeat. Consequatur asperiores recusandae voluptatum et expedita.',1,'1982-08-28 19:24:04','2011-08-30 17:30:48'),(43,43,43,'Et debitis beatae molestias est. Suscipit ut in molestiae a maxime repudiandae quod. Rem labore fugit facilis voluptatem aliquid veritatis provident. Neque et maxime adipisci aut earum est earum.',0,'2012-08-12 19:41:41','1970-03-12 20:05:59'),(44,44,44,'Qui veniam quia amet saepe fugiat voluptas sunt. Voluptatibus deleniti ipsam assumenda quia.',0,'2008-05-10 18:07:57','1996-04-09 06:12:29'),(45,45,45,'Dolor nemo dignissimos voluptas velit. Quia accusantium in quod repudiandae aperiam. Amet itaque dolor aut iusto autem aliquam. Nobis cumque facilis nisi voluptatibus.',0,'1972-06-20 00:36:09','1977-12-30 01:07:34'),(46,46,46,'Porro nostrum nemo repellat. Consequuntur quis rerum cupiditate totam eos et. Dolorem sint hic blanditiis et voluptatem nulla sequi beatae. Modi est nihil ut consequatur sit.',1,'1997-11-09 12:01:32','2000-01-16 05:50:54'),(47,47,47,'Eaque mollitia sunt consectetur id. Enim fugit placeat a facilis. Quasi dolor animi nisi nam fugiat et. Ut dolor aut accusantium esse laudantium enim autem.',1,'2008-05-24 08:14:28','1982-07-17 10:10:20'),(48,48,48,'Mollitia esse minima velit quisquam et. Repellat laboriosam et quidem et. Nihil distinctio architecto unde et.',0,'2019-03-31 13:27:05','2002-01-21 06:13:46'),(49,49,49,'Dolorem et voluptates aut voluptas culpa totam rerum. Perferendis qui fuga ea ut. At et ab blanditiis incidunt aliquid velit. Omnis corrupti nostrum unde sit expedita non.',1,'1980-07-27 06:33:12','1972-03-26 11:29:24'),(50,50,50,'Dolore officia est cumque laudantium magnam explicabo eius. Magni dolor qui ea laboriosam voluptatem ut ad. Dolorem consequatur corrupti excepturi laboriosam. Consequatur nesciunt perspiciatis sequi qui.',0,'1994-03-25 16:07:08','2001-07-09 22:10:06'),(51,51,51,'Nihil maxime et ut voluptatem quo sunt. Fugiat aut cum a est eum blanditiis consequuntur. Dignissimos dignissimos aspernatur id eveniet voluptas. Modi quo voluptatem doloremque expedita deserunt.',0,'1984-11-18 13:53:32','2016-12-15 15:31:06'),(52,52,52,'Voluptatem nobis omnis voluptatem dignissimos qui velit vel. Suscipit qui nihil molestiae est. Vitae atque eum magni et sit illum.',0,'2001-09-07 09:35:46','1973-03-21 02:46:02'),(53,53,53,'Eos dignissimos ut voluptatem pariatur architecto numquam enim. Repudiandae consectetur ea accusamus quia veritatis voluptas non aut. Dolore omnis officiis aut ipsum sed sunt aliquid.',0,'1982-10-07 04:28:29','1982-04-15 00:47:40'),(54,54,54,'Vel at nesciunt sit culpa soluta reiciendis quia. Minus rerum aliquid repellendus mollitia neque. Dolore sed incidunt neque ex id consequuntur.',1,'1996-01-05 15:01:19','2015-12-28 11:36:00'),(55,55,55,'Sint veritatis et deserunt omnis. Excepturi et beatae dolorem explicabo dolores soluta. Quas ratione adipisci libero ut. Hic porro qui dolores neque numquam sit.',1,'2001-09-19 05:32:54','2020-02-23 07:47:49'),(56,56,56,'Neque numquam consequatur excepturi aut reprehenderit enim tempore. Natus possimus quia beatae neque consequatur eos sed veritatis. Alias est dolores quia quaerat occaecati assumenda velit.',0,'1986-05-28 22:45:31','1978-01-05 03:05:10'),(57,57,57,'Qui amet et dolorum consequatur officia facere. Deleniti explicabo id iure corporis totam. Id est qui aliquam architecto eveniet quo.',0,'2019-10-08 10:42:38','1997-04-30 10:23:58'),(58,58,58,'Consequatur porro atque adipisci omnis et deleniti nesciunt aliquid. Voluptatem vero rerum quidem praesentium error magni rerum eum. Non odit aut ullam illum repellendus dignissimos. Sint quia suscipit totam voluptatem. Est eligendi debitis excepturi reprehenderit qui culpa dolorum.',0,'1987-11-18 12:33:26','2012-09-25 14:59:54'),(59,59,59,'Nemo quas doloremque at qui. Est aut ducimus quo dolores amet suscipit. Officia dolores et ut atque.',1,'1999-09-25 18:39:33','1991-05-07 19:08:26'),(60,60,60,'Aut accusantium similique libero in nulla harum impedit. Nobis est rem praesentium et et similique quisquam itaque. Consequatur quia aliquam quaerat amet amet aut id. Libero vitae ullam dolorem dolores velit.',0,'1998-05-26 10:57:17','1978-08-15 10:08:24'),(61,61,61,'Eum nesciunt est doloremque et quaerat. Exercitationem dolorem animi voluptas sed consequuntur voluptate quis voluptas. Praesentium esse voluptatibus et tempore et modi.',1,'2006-03-21 17:01:37','2021-03-11 09:07:44'),(62,62,62,'Maxime ut est quis eum provident enim quasi. Doloremque est est ipsum aliquam. Similique qui alias ut. Nemo in vel nostrum aut sed qui.',1,'2009-10-11 12:10:09','2009-08-16 19:11:30'),(63,63,63,'Magni tenetur aperiam sapiente alias saepe cumque quaerat consequatur. Quos at cupiditate ut rerum. Nesciunt voluptatem optio sed consequatur.',1,'1970-04-03 02:09:46','1984-06-19 03:02:02'),(64,64,64,'Illo provident aliquam recusandae consequatur ut. Dignissimos et quod quis ad sed velit accusamus non. Quia itaque dolores nemo non ab distinctio id.',1,'2016-07-03 20:49:51','2003-06-18 20:41:50'),(65,65,65,'Natus vitae eum quasi pariatur. Voluptate ullam ut perspiciatis ut ea magnam. Ut quod et impedit consequuntur ea alias consequuntur.',1,'1996-10-03 13:43:43','1987-11-10 00:55:19'),(66,66,66,'Error sit cupiditate atque. Neque praesentium labore eos id blanditiis. Ex aut ducimus ipsum qui nulla doloribus tempora.',0,'2019-08-22 09:47:22','1976-10-11 19:10:51'),(67,67,67,'Et porro sit aut atque. Porro rerum commodi sint ea placeat quam sequi. Maiores quo nostrum quidem est est qui.',1,'1990-01-22 01:45:53','2000-10-03 18:04:54'),(68,68,68,'Eum fugit omnis voluptatum a autem. Non quidem illum non reiciendis. Quo debitis est optio placeat cum pariatur minus. Reiciendis ab voluptate odio ut magni neque.',0,'1997-05-22 13:19:49','2012-10-28 09:17:12'),(69,69,69,'Corrupti sit est in laudantium sunt. Quidem numquam et natus ex est magni magnam. Et nesciunt suscipit eveniet et saepe et. Dignissimos atque unde veniam id. Delectus earum odit sint non veritatis odit eos.',1,'1999-10-23 00:16:51','1978-01-11 16:06:23'),(70,70,70,'Eveniet natus eum aut deleniti adipisci dolores rem sit. Minus reprehenderit qui reiciendis. Dolorem natus cumque cum voluptatibus. Nihil fuga vitae soluta voluptas vero tempore.',1,'1992-10-01 18:10:01','2001-02-13 19:34:20'),(71,71,71,'Quaerat est est aut provident. Consequatur et deleniti est eligendi. Similique dignissimos dolores architecto eum sint iusto maiores.',0,'2015-01-16 02:39:30','2019-03-25 03:00:06'),(72,72,72,'Voluptas eveniet dolorem quia unde optio rem. Itaque saepe tempore quam quod ullam sed. Ratione maiores ut beatae ut. Ut vitae enim eaque ab quisquam ratione. Consequatur sint voluptatem perspiciatis error et est voluptas ab.',0,'2014-04-27 23:21:06','1997-08-17 07:07:35'),(73,73,73,'Quia facilis officia adipisci ut consequuntur. Eum alias et nihil dolorem consectetur. Ex incidunt illo vitae.',1,'2004-10-15 09:59:37','2018-10-10 12:23:45'),(74,74,74,'Laudantium ad ut laborum itaque et perspiciatis nam. Ipsa officiis quisquam omnis qui alias commodi quo. Quisquam eos earum explicabo laboriosam nulla aut.',0,'1982-11-29 09:04:28','1973-07-07 08:23:03'),(75,75,75,'Quo ad quis porro qui officiis tenetur. Debitis similique accusamus et numquam. Eos sint quam non nostrum. Perspiciatis amet reprehenderit minus accusamus vel itaque sed architecto.',0,'2017-04-13 22:53:23','1998-05-24 04:33:14'),(76,76,76,'Doloribus magnam voluptatem non rem quis impedit. Eos et reprehenderit quia vel. Omnis perferendis mollitia quasi et. Deserunt quo consequatur eligendi.',1,'1977-10-28 13:08:20','1990-06-04 22:36:36'),(77,77,77,'Molestias ut exercitationem voluptates ab nesciunt. Ut aut ex excepturi asperiores. Est est omnis provident consequatur veniam.',0,'1991-09-27 06:49:04','2010-09-07 00:41:52'),(78,78,78,'Velit consequuntur aliquam qui consequatur tempore distinctio maiores et. Corrupti nesciunt voluptate minus cumque quos est. Eos quisquam iste aut cum ratione id similique. Molestiae et sed et aliquam fugit magnam dicta.',1,'1989-08-08 15:03:16','1992-08-04 03:21:43'),(79,79,79,'Quae occaecati est quia velit. Omnis illo est sit ratione optio. Ducimus dolor non id ducimus dolores est.',0,'2003-12-01 07:10:38','1971-02-06 09:21:32'),(80,80,80,'Nulla eius placeat eaque neque impedit quis ad. Dolorem labore repudiandae quo quia est delectus. Molestiae non ipsam sint odio. Atque omnis enim provident maxime maxime.',1,'1978-12-15 22:30:59','1977-07-06 19:39:15'),(81,81,81,'Optio ut amet id nihil. Aut repellendus labore quisquam cupiditate neque. Rerum reprehenderit et aspernatur esse. Et placeat ex est maiores cum aut rerum.',1,'2002-08-22 22:12:34','2014-05-19 11:26:27'),(82,82,82,'Quia quos amet labore deleniti. Minima ipsam maiores perspiciatis ullam possimus. Tempora tenetur dolor aliquid recusandae enim rerum et expedita. Corrupti nesciunt sit nam assumenda laborum.',0,'1983-12-23 09:27:04','1984-12-09 00:57:30'),(83,83,83,'Nam numquam debitis accusamus sapiente. Quisquam facere molestiae qui et fuga et praesentium. Velit adipisci voluptatum enim nam mollitia.',1,'2014-04-14 21:34:20','1973-06-17 04:44:44'),(84,84,84,'Iure eius sit eius a maxime fugiat. Aut saepe sequi tempore corporis rerum. In explicabo ipsa in ex reprehenderit a. Nostrum saepe pariatur aut eos.',1,'2018-06-13 15:04:01','1989-12-18 20:10:47'),(85,85,85,'Accusantium ipsam est maxime minima omnis ut quia voluptates. Sit aut unde hic. Qui deserunt magnam autem sed. Enim earum dolorem aliquam consequatur sint aut ipsam.',1,'2005-11-15 17:18:10','2018-01-20 17:42:51'),(86,86,86,'In sed enim occaecati dignissimos quasi esse. Aliquid laudantium at non quo aut modi magni. Dolorem repellendus totam quos.',1,'1998-06-16 07:09:43','1972-10-14 18:53:27'),(87,87,87,'Id qui porro explicabo autem. Et consequatur et vel voluptas beatae dolorem minus ex. Voluptate cum aut laboriosam recusandae. Minus sequi non distinctio rerum ea numquam.',0,'2008-10-31 04:47:39','1999-11-02 17:26:26'),(88,88,88,'Placeat illo occaecati totam enim in deserunt. Voluptatem quo laborum rerum reiciendis. Non et veritatis rerum neque. Id asperiores et dolore vero earum sed laudantium quis. Exercitationem sed distinctio inventore voluptatem maiores et.',1,'2007-01-03 06:06:21','1988-10-12 16:19:24'),(89,89,89,'Qui et excepturi aliquid totam ea amet. At exercitationem ea voluptatem culpa quia et nihil.',0,'1970-10-29 02:44:55','1991-09-26 17:34:59'),(90,90,90,'Quia incidunt sunt incidunt quo est dolores. Autem quis est voluptatem odit tenetur. Labore consequatur dolore sit vitae voluptates. Impedit et occaecati qui quasi unde odio.',0,'2001-06-15 06:09:17','1991-11-19 20:42:30'),(91,91,91,'Consequatur adipisci laboriosam aliquid quae. Eum repellat soluta consequuntur eos. Placeat omnis nihil aut possimus perspiciatis. Velit quo totam assumenda occaecati rerum necessitatibus est.',0,'2020-08-12 13:45:52','2012-04-17 15:25:22'),(92,92,92,'Enim quia maiores pariatur et autem. Illum atque non sint. Iusto numquam eos sed. Ut quia voluptatem eum necessitatibus enim neque. Harum sed quis vitae voluptatum sunt debitis.',0,'1983-03-26 03:26:39','1996-10-18 04:24:34'),(93,93,93,'Laudantium eligendi ea nulla consequatur non. Recusandae rerum autem amet minima sequi sequi. Eum enim aut laboriosam dolorem amet.',0,'2002-03-27 05:33:46','2011-12-21 21:33:44'),(94,94,94,'Qui ad beatae sit omnis. Sapiente quas fugit quae laudantium minima. Sed voluptatem iusto saepe et dolores quia eius.',0,'2010-12-17 17:09:54','1990-07-15 15:30:04'),(95,95,95,'Fuga culpa numquam corrupti ea rem. Quis maiores non molestiae dolorem totam. In placeat ut quaerat et. Magnam totam aut aliquid accusamus excepturi. Qui velit et porro consequuntur fugit et tempora.',0,'1983-06-09 10:54:37','1998-06-05 06:40:25'),(96,96,96,'Porro et debitis iste repellendus veniam et. Dolore soluta expedita a odit sit temporibus. Et recusandae iure sit maxime accusantium. Et consequatur corrupti veritatis et voluptatem voluptatibus excepturi.',0,'1972-04-11 08:57:31','2008-10-19 03:30:26'),(97,97,97,'Dolore eum rem non animi laudantium veniam maiores. Odio et non quis sed iste. Voluptatibus sunt dicta autem qui expedita est.',1,'1988-11-17 06:39:34','1970-08-01 09:03:53'),(98,98,98,'Molestias qui aspernatur est. Ullam sit voluptas totam omnis est et omnis. Id voluptates tempora modi nihil amet veritatis. Earum eos in minima sit quia itaque autem.',1,'1992-02-22 12:51:21','2018-07-28 19:52:59'),(99,99,99,'Autem assumenda nihil iusto qui quia quo dolorem. Doloribus tempora qui omnis. Nesciunt cumque odio consequuntur.',1,'2015-01-18 15:23:46','2003-08-09 15:22:03'),(100,100,100,'Explicabo delectus qui molestiae voluptatibus aut. Libero quas ea ea unde ipsum. Repellat unde suscipit aut aut eaque veniam modi non. Delectus quidem ducimus earum autem.',0,'1972-10-18 02:16:13','1993-12-05 12:31:17'),(101,1,1,'Tenetur odio repellat blanditiis est quia. Quia ut ducimus consequatur voluptatem quos velit corporis. Consequatur dolorem et consequatur voluptates ipsum est minima. Pariatur omnis illum impedit laudantium est facere culpa. Suscipit qui ducimus unde nemo unde iure dolores voluptas.',1,'1989-01-07 00:38:04','1980-01-30 11:19:56'),(102,2,2,'Saepe asperiores minima aut vel dolores in. Minima qui aliquid sit ex fugit voluptatum qui at.',0,'2017-08-12 03:30:37','1994-12-14 01:15:00'),(103,3,3,'Numquam est aliquam esse unde quis. Cupiditate doloribus autem vel reprehenderit.',1,'1986-02-07 23:04:48','1983-12-21 20:44:45'),(104,4,4,'Neque sunt sed porro nemo. Voluptatibus voluptatem dolor nulla quo sit. Molestias aut aut culpa et possimus ipsum.',0,'2015-05-16 15:10:10','1981-05-18 05:33:50'),(105,5,5,'Voluptatem sint ab molestiae iusto maiores ea. Iusto cumque dignissimos ut reiciendis vero repudiandae impedit. Officiis in omnis delectus et aliquam. Aliquam eos voluptatem dolore tenetur.',0,'1982-06-19 07:42:49','2018-06-27 15:13:49'),(106,6,6,'Officiis doloribus aspernatur consequuntur corrupti quasi suscipit. Error omnis adipisci et sunt. Facere quasi sit amet omnis. Quidem excepturi enim tempore sit et accusantium.',0,'1984-04-29 11:26:56','2007-01-04 19:51:41'),(107,7,7,'Iure ducimus perspiciatis quia nobis magnam. Error et tempora voluptas in explicabo autem consequatur vel. Sit qui eius quia in fuga.',1,'1983-02-25 02:09:42','1995-03-23 14:09:09'),(108,8,8,'Exercitationem rem rem nostrum. Totam minima dolorem nihil quo est facere dignissimos expedita.',0,'2017-11-14 02:40:07','2021-01-05 19:02:01'),(109,9,9,'Similique debitis rerum voluptatibus quis quis culpa. Adipisci nulla velit voluptas architecto ad rerum. Veniam sunt sunt mollitia minus minus autem. Enim odio voluptatem architecto distinctio et incidunt explicabo.',0,'2012-01-27 05:43:56','2009-09-24 19:26:07'),(110,10,10,'Incidunt placeat aperiam officia veritatis molestiae alias ut iusto. Dicta ut saepe laudantium explicabo et iusto sequi hic. Ducimus soluta voluptatem praesentium soluta. Architecto nam illo consequatur. Aliquid et qui id recusandae.',0,'2008-08-04 01:51:03','2020-04-05 18:08:25'),(111,11,11,'Omnis quisquam quo expedita porro illum vel. Et perferendis eveniet eius adipisci sint sequi. Quia consequatur voluptatum consectetur dolore.',0,'1977-10-25 15:51:42','2019-01-05 11:58:43'),(112,12,12,'Quo quos quis ipsa et possimus modi fuga. Accusantium enim minima exercitationem eius et non distinctio. Quo aut ut aut reiciendis maxime sed. Omnis hic nobis labore ex.',1,'1979-04-15 01:30:45','1978-04-10 19:34:49'),(113,13,13,'Sapiente laudantium animi unde tempora. Dolore minus rem explicabo nihil quos magni doloribus. Ullam fugiat illum consequuntur exercitationem asperiores.',1,'1990-05-31 10:28:40','1998-03-27 23:37:50'),(114,14,14,'Fugiat recusandae architecto sequi veniam possimus. Et cumque ducimus ex velit doloremque quis cumque. Non commodi earum velit sed iste aut. Eum laborum possimus similique rerum aperiam omnis enim.',0,'2013-08-03 23:33:43','1994-08-31 07:19:48'),(115,15,15,'Voluptas delectus minus quia unde. Atque itaque facere debitis non. Eum dolores atque eveniet. Adipisci cum exercitationem quis aut. Quae voluptate unde recusandae doloribus recusandae omnis.',1,'1977-01-05 12:47:57','1986-08-23 08:08:06'),(116,16,16,'Occaecati praesentium saepe quaerat vel aspernatur eligendi quia. Aut sed ipsum laborum a et cum minus. Assumenda neque alias maxime assumenda amet a tempore.',1,'1981-07-29 08:21:04','1983-05-06 20:09:10'),(117,17,17,'Vel nesciunt corporis iure velit aut earum distinctio quam. Facere sed fugiat eos cumque quis quas. Natus nemo aliquid optio et.',0,'2000-03-18 06:15:20','1980-02-23 18:55:27'),(118,18,18,'Doloribus sed at voluptas sit omnis et reprehenderit. Necessitatibus maxime excepturi magnam sed consequatur sit ut. Quia in qui quo et qui nisi voluptatum.',0,'1992-01-04 23:00:12','1985-10-04 13:34:33'),(119,19,19,'Ut necessitatibus voluptatem tempora. Error quas fugiat vitae. Ut voluptatem in earum labore.',0,'1982-04-19 09:36:26','1993-03-12 01:40:28'),(120,20,20,'Et aut necessitatibus impedit earum dolor et ab. Et aperiam quos fugiat quo minus. Fugit atque nihil voluptatem iste.',1,'1979-11-26 04:56:43','1990-05-03 21:56:55'),(121,21,21,'Similique repellat et pariatur assumenda. Sit ea perspiciatis dolores temporibus. Cum labore adipisci voluptatibus dolore porro. Nulla perferendis consequatur minus et.',1,'2004-08-13 04:00:48','1985-07-06 14:51:05'),(122,22,22,'Eaque et officiis voluptatibus et. Sunt aliquid assumenda vero velit nulla repellat molestiae. Et praesentium amet sint odit similique molestiae debitis. Eum dolorum reprehenderit est harum enim molestiae quis.',1,'2003-05-25 01:18:26','1970-05-10 07:13:13'),(123,23,23,'Est omnis veniam ut ea. Aperiam fuga ad est dignissimos qui ut. Non magnam quo tenetur quasi ut labore.',1,'1970-02-16 18:33:43','2011-02-20 18:20:57'),(124,24,24,'Maxime qui et corporis deserunt accusamus qui non. Quidem vero voluptatum fugit a explicabo sit. Quia facilis quasi sed cupiditate. Vitae sunt occaecati non dolor blanditiis vel commodi voluptas.',0,'1974-09-24 20:23:22','2015-02-09 15:35:53'),(125,25,25,'Unde quibusdam quas eveniet facere. Porro a mollitia placeat ut repudiandae quibusdam aut. Voluptatum esse ea et excepturi sapiente architecto explicabo.',0,'1995-07-06 05:19:49','2015-03-29 12:20:16'),(126,26,26,'Neque rem dolores aut labore sit rerum. Dicta quia temporibus quia illum neque. Vel qui sed minus error dolore quisquam occaecati. Culpa dolores qui fuga et modi mollitia. Sit ut velit occaecati maxime sed.',1,'1970-03-02 10:01:21','1988-02-15 17:41:46'),(127,27,27,'Ex sed odio aut quos atque sunt. Vitae ut impedit suscipit asperiores. Deleniti vel magnam est in. Eligendi quidem occaecati quae sequi nulla assumenda totam.',0,'2008-03-05 20:39:06','2003-06-25 16:49:11'),(128,28,28,'Iste a ut et facere. Asperiores quo consequatur delectus quos earum a. Atque et consequatur sint quis excepturi commodi.',0,'1972-06-24 12:36:32','1979-03-11 13:43:42'),(129,29,29,'Praesentium molestiae ut qui et dolores magni. Dolor quibusdam debitis eos. Veniam qui ducimus ut sed accusamus necessitatibus. Quae nesciunt enim eos expedita et sed.',1,'1975-02-07 09:23:43','1997-03-09 23:19:30'),(130,30,30,'Adipisci totam non velit vitae. Ut ut voluptatum suscipit impedit id. Et magnam occaecati consectetur nobis quibusdam. Ab reiciendis nobis laborum velit reprehenderit cum. Necessitatibus eos cupiditate fugit saepe architecto minus.',1,'1977-12-04 04:54:46','1977-08-18 22:36:45'),(131,31,31,'Quaerat doloribus et error nemo occaecati officia error. Omnis ut voluptatem voluptas perspiciatis totam ducimus.',1,'1975-08-09 19:15:50','2016-04-30 08:06:18'),(132,32,32,'In voluptatem perferendis ea magni. Corporis illo voluptas quia. Dolorem odit enim quia nulla incidunt quia placeat.',0,'1978-04-27 18:11:35','1977-07-23 13:12:46'),(133,33,33,'Sequi aut veniam ab quia libero. Rerum similique non natus eos. Voluptas sit quae vero quis quia temporibus totam.',0,'1981-04-26 09:16:08','1971-03-04 08:22:19'),(134,34,34,'Quis deleniti quam et dolores beatae minima illo. Officia dolorem qui ullam dolores assumenda rerum dolorem. Mollitia est voluptas mollitia ipsum. Eum veniam temporibus doloribus ex sit voluptatem omnis.',0,'1995-08-03 19:47:09','1972-06-18 22:23:48'),(135,35,35,'Optio debitis commodi tenetur inventore nemo reiciendis. Laudantium quisquam facere quaerat maiores voluptatibus dolore. Necessitatibus repellat reprehenderit nulla.',1,'1995-12-01 21:46:04','1988-07-26 15:41:18'),(136,36,36,'Autem repellendus explicabo voluptatibus nemo. A incidunt in ut officiis nihil odio fuga.',0,'1992-05-12 09:06:21','2016-12-26 22:09:22'),(137,37,37,'Quod pariatur autem odit. Et quos necessitatibus provident eligendi et ut repudiandae iste. Sit occaecati facere eligendi vel praesentium quia qui.',0,'1981-10-14 07:02:46','2006-12-21 05:24:12'),(138,38,38,'Voluptates sed a et omnis et. Placeat nihil rerum enim asperiores illo et. Asperiores rerum delectus aut ipsa.',1,'1978-03-25 01:25:16','2003-06-29 11:41:25'),(139,39,39,'Molestiae mollitia rem ea odio rerum aperiam. Id hic assumenda voluptatem ut. Eaque rerum qui optio et incidunt necessitatibus laborum.',1,'1998-04-01 20:38:08','2019-07-12 04:16:18'),(140,40,40,'Voluptas est adipisci rerum consequatur. Dolorem fugiat et non. Voluptates aperiam suscipit et aut et adipisci. Qui quos et magnam qui. Optio dolor suscipit laboriosam dolor mollitia.',0,'1971-09-06 13:15:41','2007-09-14 01:18:02'),(141,41,41,'Ut fugit incidunt et aut provident facilis similique. Qui ut voluptas veniam quod libero enim est. Consequuntur ipsum laboriosam blanditiis. Laborum libero pariatur reiciendis quia nemo.',1,'1993-05-16 23:59:38','1982-06-09 00:47:39'),(142,42,42,'Sint unde soluta qui nisi. Qui illo tempora eos ratione. In odit suscipit sed incidunt.',0,'1995-10-03 16:11:11','1987-07-08 23:02:23'),(143,43,43,'Ab corrupti ducimus molestiae. Incidunt aperiam repudiandae aut natus provident ut in. Vitae laboriosam iure cum reprehenderit et quo quia voluptatem.',1,'1983-08-26 21:16:39','1986-09-27 02:32:46'),(144,44,44,'Ipsam est quidem deleniti debitis necessitatibus. Voluptatem voluptas ut adipisci occaecati excepturi. Quod ut pariatur tenetur nisi ut velit modi error.',0,'1982-12-06 15:29:54','2007-08-24 23:39:15'),(145,45,45,'Voluptatibus distinctio nam ea illum. Molestiae quisquam dolor officia rerum incidunt ratione. Illum quaerat est dolor aperiam doloribus. Voluptas vitae magni sit et tempore.',1,'2011-06-21 03:14:14','2009-04-01 13:36:35'),(146,46,46,'Omnis qui nulla ut omnis magnam ut. Fugit dolorem doloremque qui labore sunt. Et sint quam officia facere incidunt id.',1,'2019-05-08 17:30:19','1996-12-07 12:03:59'),(147,47,47,'Non vero a totam sunt voluptatem dolore. Fugiat rerum consequatur error ex rerum earum sequi. Et ea nulla illo culpa repellendus eaque. Aut optio non velit quam dolore. Aut dolores est quisquam corrupti quaerat et.',1,'1990-04-19 14:35:26','1994-01-30 02:05:11'),(148,48,48,'Dolorem distinctio quisquam dolore quidem et commodi maxime. Distinctio asperiores laudantium voluptatem earum. Aliquam pariatur corporis sit cupiditate.',1,'1979-11-17 06:48:23','1991-07-06 22:55:45'),(149,49,49,'Et perspiciatis ad soluta. Est veritatis sunt saepe veniam recusandae et perspiciatis.',1,'1978-05-25 21:14:00','2005-10-21 10:54:28'),(150,50,50,'Et ea sunt omnis temporibus aut in delectus. Accusantium porro esse voluptas nobis. Eos molestiae vero et rerum. Molestias tempore rerum iste voluptatum hic accusantium architecto.',1,'1994-11-02 09:53:16','2019-11-12 21:36:15'),(151,51,51,'Necessitatibus temporibus earum voluptatem laboriosam beatae. Consequatur praesentium et qui voluptatem facere doloremque corporis ratione. Provident eum iusto autem similique ipsam.',0,'1976-05-07 12:16:25','1974-03-14 17:37:30'),(152,52,52,'Dicta repellat voluptates id quisquam eum et. Ab error accusamus voluptate veniam voluptatibus harum. Provident nemo tenetur omnis temporibus magni molestiae voluptatum ullam.',1,'1992-07-28 22:37:07','1979-04-12 08:22:21'),(153,53,53,'Nemo delectus harum rerum eum aspernatur est. Sit pariatur ut iure. Dolor nam possimus molestiae sed modi dolorum omnis. Et enim facere nihil recusandae beatae.',1,'1991-06-21 19:16:55','1999-03-14 11:50:38'),(154,54,54,'Amet praesentium ut culpa harum maiores maiores. Ipsam dolorem et aspernatur reiciendis provident voluptatem. Adipisci et eos laudantium consequatur. Et quo nesciunt cum velit aspernatur et.',1,'2015-05-23 07:23:32','1997-09-11 08:15:48'),(155,55,55,'Dolorem fugit sunt exercitationem optio. Omnis quas deleniti eius qui sed. Nostrum dicta et vero sit magnam.',1,'1996-06-03 22:49:38','2011-07-14 19:25:53'),(156,56,56,'Veritatis pariatur error quasi necessitatibus odio. Earum occaecati nisi enim similique omnis ea omnis. Voluptatem omnis aut molestias aut eum.',1,'2014-02-02 06:45:46','2018-04-16 21:14:34'),(157,57,57,'Voluptas autem quo ut aliquid adipisci. Recusandae quidem ea cum quis ipsam expedita molestiae ea. Quia temporibus dolorem omnis quia non.',0,'2001-09-23 10:09:38','1970-11-26 02:59:46'),(158,58,58,'Nulla fuga accusamus repellat et. Debitis beatae vero quibusdam et. Quidem soluta et nemo. Provident ut voluptatum deleniti excepturi et.',0,'2020-05-01 16:23:31','2018-05-03 08:14:58'),(159,59,59,'Expedita est a vero. Autem aut ab nostrum. Et natus quas voluptatem laboriosam amet. Illum officiis nulla aliquid quia enim rerum.',0,'1994-07-17 22:26:30','1974-10-28 15:23:30'),(160,60,60,'Dolore quibusdam ut vel quibusdam at in. Vel ut cumque est aperiam autem dolore mollitia. Qui optio esse ipsum officia ut voluptas aut. Et occaecati exercitationem ut et ut officia.',1,'1991-10-10 13:24:16','1978-08-20 10:54:37'),(161,61,61,'Quo veritatis harum deleniti quis ut. Minima iste pariatur aut dolorem. Eum totam itaque enim ut ut magni est.',0,'1980-12-04 09:38:25','1974-10-15 01:28:42'),(162,62,62,'Alias ratione cupiditate qui qui. Et fugit vel repellendus saepe quisquam sit minima nulla. Iusto explicabo aliquid est. Rem itaque et et voluptas qui commodi asperiores et. Sunt dolore eligendi praesentium recusandae.',0,'1991-08-09 23:13:27','2010-02-23 14:35:34'),(163,63,63,'Est fugiat perferendis molestias qui aut. Esse saepe reiciendis nemo magni. Qui voluptate et aut qui dolores necessitatibus corrupti.',0,'1993-09-27 14:26:36','2016-01-24 16:52:35'),(164,64,64,'Autem provident pariatur id et amet. Eveniet expedita voluptatibus adipisci placeat tempora. Quisquam non sint eligendi et.',0,'2006-05-25 18:44:38','1995-01-27 23:49:34'),(165,65,65,'Enim iure quae ea impedit doloribus omnis et. Blanditiis sunt fuga distinctio quas in sed. Qui et eos et explicabo odit dolorum unde.',0,'2000-05-13 04:42:35','1997-11-21 10:29:34'),(166,66,66,'Et sed recusandae itaque quis culpa sequi. Quasi rerum ut consequatur esse.',1,'1980-05-29 20:37:19','2021-03-15 16:45:56'),(167,67,67,'Ut eos tempore ratione qui. Atque doloribus sed et fugit est delectus nulla ut. Reprehenderit harum autem nihil atque sit veritatis vel. Quo aliquid tempore distinctio dicta odio id.',1,'1970-08-14 15:12:18','2009-08-20 15:38:32'),(168,68,68,'Fuga vero recusandae tempore sunt veritatis sint sit. Itaque nemo rem ad dicta. A eum ea nisi qui et ut molestiae.',1,'1983-07-17 21:53:30','1990-09-09 14:42:54'),(169,69,69,'Et delectus repellat architecto omnis culpa non deserunt sed. Eos quo laudantium eligendi sequi. Explicabo corporis maxime voluptas qui. Quae excepturi error libero incidunt aliquid voluptatem assumenda.',1,'1970-07-20 07:35:49','1998-10-30 15:16:49'),(170,70,70,'Placeat aperiam itaque et aspernatur. Quas ipsa repellendus sint eum illo. Ut voluptatem quae aut ut inventore. Molestias dignissimos voluptate dolorem totam enim aut est sint.',1,'1977-02-08 12:59:41','2002-08-20 05:54:25'),(171,71,71,'Deleniti autem fugit aut iure. Sed tempora corporis labore. Libero voluptas qui non cupiditate nemo optio sit. Molestiae alias expedita quia quaerat expedita consequuntur.',1,'1993-10-17 01:21:30','1992-04-24 12:29:10'),(172,72,72,'Non quis et fuga earum. Id et occaecati occaecati sed corporis et. Omnis voluptatem quasi molestias optio nemo sapiente perferendis.',0,'1998-01-04 01:19:10','1970-10-07 03:04:32'),(173,73,73,'Vero a eos vitae dolores dolorem in. Voluptate quam temporibus doloremque ut velit aperiam veritatis. Fugit animi veniam corporis distinctio sed minus. Architecto aspernatur sit distinctio.',1,'2001-04-14 20:48:59','1992-12-25 18:42:19'),(174,74,74,'Omnis facilis qui ut sed rerum nesciunt quo. Fugit totam deserunt voluptas. Velit sit dolorem tempora natus tempora dolore aliquam.',1,'2006-04-12 09:49:14','1972-06-24 06:13:23'),(175,75,75,'Pariatur sit corporis ratione molestias fugit adipisci. Fuga magni est aut. Minima tempora eum voluptatem rerum dolorem omnis. Ratione eos voluptas corporis occaecati.',0,'1978-12-29 18:30:12','2016-05-07 08:41:37'),(176,76,76,'Id modi veritatis illum rerum id. Sed hic perspiciatis est ut modi dignissimos. Sunt sapiente laborum officia voluptatem.',0,'2016-08-19 00:32:21','1986-11-20 06:01:23'),(177,77,77,'Nihil qui voluptatibus perspiciatis commodi. Aut corrupti sunt illum eos qui sit aut. Tempora occaecati qui enim.',0,'2020-02-16 13:21:18','2014-06-18 10:07:31'),(178,78,78,'Quos harum occaecati enim autem et. Quis et voluptatem reiciendis et sunt fugiat harum. Repudiandae dicta explicabo incidunt et.',1,'2002-05-31 07:00:29','1994-10-27 17:39:10'),(179,79,79,'Fugit laborum suscipit atque. Odio ut omnis aut rerum sit reiciendis. Et eos quos rerum quos est minima.',1,'2020-08-22 07:24:34','1975-08-30 12:21:55'),(180,80,80,'At doloribus consequatur similique sunt et autem facilis ut. Veritatis at accusantium aut velit veritatis hic omnis. Voluptatem officia cum aut omnis quis. Fugit magnam dolorem veritatis quis. Et eum alias voluptatem sapiente est.',1,'1979-11-06 20:13:24','2013-01-03 12:11:01'),(181,81,81,'Ipsa nobis amet enim cumque et iure. Id eos odio veniam praesentium. Et quia qui qui est blanditiis. Eos porro rem neque quia ad.',0,'1983-10-18 15:39:00','1975-12-10 10:41:01'),(182,82,82,'Voluptatibus cumque dicta reprehenderit at. Ut totam animi dolores quo eum quo. Autem eos et quia explicabo ipsa dolor occaecati. Explicabo qui culpa laboriosam aliquid id quia. Aut quo voluptatem ipsam placeat delectus dolorem facere.',1,'1981-01-26 01:08:19','2016-05-13 21:13:42'),(183,83,83,'Corrupti molestias consectetur at quia expedita. Repellendus porro pariatur explicabo ducimus est totam consequatur. Non est ipsa laboriosam distinctio illo. Non dolore quia reprehenderit ducimus doloribus.',0,'2016-11-25 22:45:35','2013-01-02 19:20:09'),(184,84,84,'Sunt consequatur est eligendi quam et quia unde. Exercitationem eius deserunt cupiditate velit. Dicta dolores odio corporis eveniet dolor. Ratione quasi nobis aspernatur blanditiis voluptas.',0,'1972-04-29 02:23:26','1982-01-10 19:40:31'),(185,85,85,'Molestias in modi autem soluta. Molestiae non nobis officiis nam suscipit expedita illum. Excepturi aperiam eum quia maiores. Animi ea quis voluptatem dolores impedit quisquam nihil maiores.',1,'1995-09-10 07:58:31','1987-04-06 13:57:19'),(186,86,86,'Autem molestiae qui minima dignissimos voluptates. Molestiae vel est repudiandae saepe inventore dolorem.',0,'2020-01-12 00:26:37','2006-04-07 03:17:27'),(187,87,87,'Occaecati aut iusto et vel. Non quia reprehenderit perferendis beatae qui optio. Sit ut et amet et eum quis illum. Debitis dignissimos illum temporibus id quibusdam.',0,'2008-04-16 14:49:55','2019-11-24 21:00:54'),(188,88,88,'Assumenda aut sed explicabo soluta asperiores impedit. Ut nihil non et reprehenderit maiores dicta laborum numquam. Quod impedit minus ducimus sint.',1,'1991-01-24 21:32:39','1989-06-30 20:51:38'),(189,89,89,'Doloribus assumenda voluptatem quis quaerat qui natus. Cupiditate dolores unde dolores ipsam molestiae saepe. Aliquid praesentium sequi aut itaque.',1,'1998-08-19 16:18:39','2010-01-03 03:15:13'),(190,90,90,'Sint fuga quidem maxime perspiciatis omnis et. Enim aut aut fuga nihil vero praesentium. Ut rerum qui hic sed. Explicabo hic architecto voluptatibus commodi itaque quisquam.',1,'2000-05-19 02:02:46','2001-06-22 08:33:28'),(191,91,91,'Quos sunt neque sed est veniam quia amet. Libero fugiat possimus itaque occaecati quasi eligendi eligendi fugit.',0,'1978-11-04 22:55:38','2001-01-06 09:19:04'),(192,92,92,'Aut amet non quis veniam qui iusto. Quis accusantium beatae maxime eligendi. Molestiae quam voluptatem eos esse quaerat quia nostrum. Voluptatem ea commodi molestias dolores.',0,'1990-06-20 20:11:19','2014-08-09 10:10:05'),(193,93,93,'Officiis nesciunt repudiandae ipsum. Velit est quasi voluptatem minus quia non. Accusantium iure sit consequatur inventore repudiandae alias omnis occaecati. Sed repudiandae placeat autem praesentium.',0,'2012-05-28 18:43:00','1987-02-16 06:37:08'),(194,94,94,'Dolorem ipsam perferendis sapiente voluptatum dolor minima veniam. Nobis odio beatae quia. Et laboriosam quos mollitia ut et vel. Laborum aperiam esse nisi sit dolor dolorem.',0,'1991-03-25 10:24:16','2012-02-10 12:46:28'),(195,95,95,'Illo ad dolore rerum exercitationem saepe. Earum sapiente voluptatem amet exercitationem. Molestiae voluptatem et doloribus minus magni consequuntur. Vero incidunt porro tenetur molestiae.',1,'2003-01-16 21:53:06','1989-04-20 09:25:17'),(196,96,96,'Sit sed dolor nisi quam quas ex. Doloremque aperiam fugiat officiis repellat perferendis iure. Est saepe amet aut.',0,'2012-06-03 19:48:48','2013-06-08 01:50:16'),(197,97,97,'Et error qui sed consequatur et. Omnis ut sit eos necessitatibus maiores. Est eos velit ut dolores ea ex quas.',1,'2012-05-14 15:40:32','1994-03-07 17:25:17'),(198,98,98,'Ipsam voluptatem tempore et nulla quia qui quaerat dolores. Ipsa rem accusamus quia temporibus animi nesciunt. Sint nisi qui nam porro aliquid. Omnis dolores cumque neque.',0,'2016-09-09 22:47:31','1989-02-12 08:54:37'),(199,99,99,'Rerum praesentium incidunt eius et dicta rerum. Et corrupti nam dignissimos et voluptatem libero. Odio quia dolores ad quisquam id nostrum amet sit. Quisquam facilis qui voluptates libero.',0,'2008-08-16 13:05:16','2009-07-24 17:27:02'),(200,100,100,'Quos ut autem atque rerum accusamus. Asperiores architecto est nisi voluptatem qui. Explicabo laborum fugiat et neque numquam perspiciatis aut quidem. Natus quisquam eos quo unde cum non occaecati. Sit et ut reprehenderit.',1,'1984-12-24 12:07:53','2019-06-23 09:07:22');
/*!40000 ALTER TABLE `messages` ENABLE KEYS */;
UNLOCK TABLES;

--
-- Table structure for table `profiles`
--

DROP TABLE IF EXISTS `profiles`;
/*!40101 SET @saved_cs_client     = @@character_set_client */;
/*!50503 SET character_set_client = utf8mb4 */;
CREATE TABLE `profiles` (
  `user_id` bigint unsigned NOT NULL,
  `gender` enum('f','m','x') CHARACTER SET utf8mb4 COLLATE utf8mb4_unicode_ci NOT NULL,
  `birthday` date NOT NULL,
  `photo_id` bigint unsigned DEFAULT NULL,
  `user_status` varchar(30) CHARACTER SET utf8mb4 COLLATE utf8mb4_unicode_ci DEFAULT NULL,
  `city` varchar(130) CHARACTER SET utf8mb4 COLLATE utf8mb4_unicode_ci DEFAULT NULL,
  `country` varchar(130) CHARACTER SET utf8mb4 COLLATE utf8mb4_unicode_ci DEFAULT NULL,
  UNIQUE KEY `fk_profiles_users_to_idx` (`user_id`),
  UNIQUE KEY `photo_id` (`photo_id`),
  CONSTRAINT `fk_profiles_users` FOREIGN KEY (`user_id`) REFERENCES `users` (`id`)
) ENGINE=InnoDB DEFAULT CHARSET=utf8mb4 COLLATE=utf8mb4_unicode_ci;
/*!40101 SET character_set_client = @saved_cs_client */;

--
-- Dumping data for table `profiles`
--

LOCK TABLES `profiles` WRITE;
/*!40000 ALTER TABLE `profiles` DISABLE KEYS */;
INSERT INTO `profiles` VALUES (1,'m','2017-09-20',2,'Blanditiis dolorem aut ducimus','Garlandmouth','Iraq'),(2,'f','2019-05-08',204419620,'Amet quis voluptas voluptatem ','Giaton','Seychelles'),(3,'f','2012-10-28',397,'Ad ea assumenda quae incidunt.','South Joany','Nepal'),(4,'m','1983-11-29',784827409,'Sequi ut voluptas officiis sit','Lake Tabitha','Kyrgyz Republic'),(5,'f','2017-02-15',2917,'Veritatis architecto voluptate','Abbottland','Sudan'),(6,'m','1989-08-07',92462,'Inventore ut ducimus rerum nih','South Myastad','Nigeria'),(7,'m','1996-12-20',7,'Soluta rem ipsa iure in. Autem','New Jorge','Malaysia'),(8,'m','2007-10-12',53,'Veniam in qui a eaque voluptat','Russellland','Trinidad and Tobago'),(9,'x','2013-09-28',83859,'Ea autem animi dignissimos. Nu','Grantton','Morocco'),(10,'x','1983-05-22',2612315,'Vitae perferendis nostrum cons','New Opheliafurt','Taiwan'),(11,'f','1996-11-12',7550,'Non id officiis iste vitae. Et','West Olenstad','Anguilla'),(12,'m','1989-09-04',0,'Commodi rerum quia aut sunt in','South Russ','Indonesia'),(13,'f','1984-11-28',803280630,'Aliquam debitis aperiam nesciu','North Ebonyfort','Ukraine'),(14,'m','1978-12-18',845,'Sed praesentium perspiciatis e','Watsicatown','Palau'),(15,'m','2012-01-10',8080343,'Vel est a consectetur. Iste si','South Monteton','India'),(16,'m','2014-03-09',385902905,'Et eos quia illum vel officiis','East Saulmouth','Saint Kitts and Nevis'),(17,'m','1989-12-04',3,'Architecto aspernatur nemo sed','South Easter','Mauritius'),(18,'f','1985-05-24',634239,'Voluptas consequatur aut conse','Port Buckborough','San Marino'),(19,'x','1981-02-14',8972,'Ea assumenda repudiandae nihil','Bryanamouth','Mauritius'),(20,'f','2013-12-15',5219470,'Quisquam neque voluptatem qui ','Kemmershire','United States Virgin Islands'),(21,'x','1981-06-16',7969438,'Voluptates fuga ab beatae blan','Electaville','Saint Pierre and Miquelon'),(22,'f','2017-01-05',248,'Sapiente est in quas quis pers','Jayburgh','Swaziland'),(23,'x','2001-01-13',312,'Et est fugiat doloremque ipsum','Gunnarmouth','Brunei Darussalam'),(24,'x','1994-10-12',481,'Aut tempore dignissimos aut no','Lake Jaydenhaven','Dominica'),(25,'m','1986-03-19',52,'Est ex optio fuga. Cum ut quia','Mireilletown','Benin'),(26,'x','1976-05-29',1228,'Officia non iusto voluptatem f','Kemmerbury','Heard Island and McDonald Islands'),(27,'x','2002-07-25',527688744,'Tempora illum adipisci digniss','South Monroe','Bahrain'),(28,'m','1988-03-22',9,'Consequuntur vero quo maiores ','Lake Titusstad','Norway'),(29,'f','1986-09-23',98631,'Doloribus voluptas quia volupt','North Caryborough','Latvia'),(30,'x','1998-03-09',518194,'Eum quis tempore qui est sequi','Fadelside','Mauritius'),(31,'f','1984-02-29',9400,'Aut nobis omnis in consectetur','New Shania','United Kingdom'),(32,'x','2003-07-07',50527,'Quo animi voluptatem dolorem c','Mitchellfort','Cuba'),(33,'x','1977-02-11',1975,'Unde et vero omnis modi sunt r','South Ryleyburgh','Honduras'),(34,'x','1988-08-08',45,'Nam at voluptas reiciendis at.','Connport','Mauritius'),(35,'x','1988-03-02',760353,'Voluptatum asperiores et animi','Rohanborough','Grenada'),(36,'m','2009-08-30',97,'Officiis qui pariatur cumque e','Croninmouth','Indonesia'),(37,'f','1972-04-22',6888127,'Magni vel in consequatur volup','Serenityville','Albania'),(38,'f','2001-08-25',3107908,'Sint magni dolorum necessitati','Rhodachester','Congo'),(39,'m','1976-01-28',27951,'Est quae in repellat voluptatu','Smithamshire','Cocos (Keeling) Islands'),(40,'f','2011-07-02',92,'Accusantium ut ut eos quo inci','Morarchester','Western Sahara'),(41,'m','2016-10-04',17718731,'Qui quasi tempora est nihil. A','Gildaland','Burkina Faso'),(42,'f','2007-01-06',27107206,'Nulla et distinctio voluptatem','South Joaquinview','Tokelau'),(43,'f','1982-06-23',621958432,'Repellat quos et voluptatem et','Lake Hettie','Indonesia'),(44,'f','1981-11-06',904804,'Nihil et nihil qui consectetur','Lake Aracely','Belize'),(45,'f','2020-05-14',620,'Soluta impedit sed aut tempore','East Jerad','Russian Federation'),(46,'x','1970-09-17',617,'Rerum est quo sed omnis vel po','South Paulfort','South Africa'),(47,'m','1988-01-03',122,'Aperiam id a similique est qua','Garrettberg','Senegal'),(48,'f','1975-12-07',13,'Sunt quo similique aut est qua','Port Maximilian','Samoa'),(49,'x','2008-05-08',57,'Quos similique iure autem pari','Lubowitzmouth','Moldova'),(50,'f','1987-03-27',8,'Voluptates dolore velit non. N','Mariamhaven','Serbia'),(51,'m','1971-08-17',48992,'Molestiae cum vitae ut cupidit','Rennerview','Tajikistan'),(52,'f','1974-07-28',41500951,'Et modi in officiis maiores eu','South Angus','Somalia'),(53,'f','2005-08-27',73606,'Incidunt ad voluptas voluptate','Augustinefort','Denmark'),(54,'f','1974-03-03',439,'Quia qui nihil nihil repellat ','South Beatriceside','New Zealand'),(55,'f','1974-12-26',462198,'Et et non excepturi vero autem','Friesentown','United Arab Emirates'),(56,'x','2003-04-22',640,'Et non sequi eos. Nam in et es','Haagmouth','Netherlands Antilles'),(57,'f','1973-03-18',650451,'Pariatur perferendis aliquid s','Bradtkehaven','Papua New Guinea'),(58,'x','1992-01-08',405537929,'Corrupti consequuntur aut ex s','West Annalise','Guatemala'),(59,'m','1983-08-02',589394,'Quia temporibus facere consequ','East Johnathan','Sudan'),(60,'m','2011-09-13',416,'Rerum eaque asperiores perfere','South Aryannachester','Senegal'),(61,'x','1979-11-02',12,'Minus qui delectus similique i','Hyattview','Fiji'),(62,'m','2013-08-20',730,'Harum quidem reiciendis quis e','Nienowside','Cook Islands'),(63,'x','1990-02-12',416269,'Sint alias quos consequatur mo','South Kristashire','Lithuania'),(64,'x','1971-08-12',21361057,'Soluta suscipit sapiente quod ','South Lisandro','Mayotte'),(65,'m','1994-01-17',48233,'Autem officiis earum totam dol','Lake Rossie','Bermuda'),(66,'x','2007-01-22',979604,'Eos voluptate blanditiis archi','East Margarettmouth','Gibraltar'),(67,'m','1997-07-06',193,'Quia ut natus et ut. Debitis n','South Maximus','Ukraine'),(68,'f','1981-08-15',80728680,'In quod exercitationem rerum a','South Lenora','Belgium'),(69,'x','1976-01-28',972886,'Enim voluptatem qui error est.','Lake Ansley','Central African Republic'),(70,'m','1970-03-21',69002589,'Illum eligendi dolor qui. Quo ','East Clint','Bangladesh'),(71,'x','1982-09-11',321052,'Sit ut fugit et fuga. Ut a ad ','North Viviane','Cuba'),(72,'f','1989-06-16',7651,'Itaque et odit iure eum non la','Annabelchester','Chad'),(73,'f','2005-03-14',46057905,'Id et accusamus deleniti beata','Cassinchester','Heard Island and McDonald Islands'),(74,'x','2018-11-12',955463991,'Explicabo soluta aut iusto ill','West Kurt','Egypt'),(75,'m','1979-04-09',51472462,'Pariatur vitae dolorem exceptu','Elyssamouth','Bhutan'),(76,'f','1996-03-29',2916195,'Doloremque dignissimos ipsum u','Parisianview','Tokelau'),(77,'m','2020-08-22',151638016,'Ad laudantium nobis voluptas n','East King','Denmark'),(78,'m','1981-04-20',45285317,'Ipsum officiis ut cum cupidita','Starkville','Sweden'),(79,'f','2017-03-31',54683,'Excepturi ducimus animi ipsum ','Andreannefurt','Italy'),(80,'f','1993-10-30',911410593,'Qui exercitationem non autem a','West Audreanne','Turkey'),(81,'m','1973-03-24',4,'Iste incidunt ut et quia id. P','Kellieburgh','Myanmar'),(82,'m','1989-07-11',5054,'Sint temporibus incidunt quas ','Carmelofurt','Djibouti'),(83,'x','2005-05-03',460931,'Vitae voluptatum pariatur hic ','East Enrico','Chad'),(84,'m','1979-06-01',7475750,'Illo consequatur mollitia quo ','Rennerville','Wallis and Futuna'),(85,'f','1993-07-30',803617,'Eos earum rerum dolores id off','Lake Waldo','Argentina'),(86,'x','1992-09-27',540024,'Sed magnam aliquid consectetur','Port Enriqueport','Guadeloupe'),(87,'m','1979-08-13',87,'Quia tenetur architecto aut om','Lake Erin','Bermuda'),(88,'m','1979-03-15',454300,'Velit voluptas voluptas volupt','Gerholdshire','Papua New Guinea'),(89,'m','1980-07-14',550235642,'Magnam quos et quia fugit veli','North Kole','Luxembourg'),(90,'m','1977-10-11',717,'Earum possimus adipisci ut. Co','Lindgrentown','Myanmar'),(91,'x','2008-06-10',43933127,'Impedit velit explicabo distin','Huldaview','Nigeria'),(92,'f','1995-01-17',40872228,'Et magni vero esse laboriosam ','East Cierraville','Guam'),(93,'m','1989-12-26',31,'Nostrum eius perspiciatis expe','Predovicbury','Cyprus'),(94,'m','1974-06-17',214,'Veritatis est exercitationem s','Madelynfurt','Suriname'),(95,'f','2010-08-29',4812,'Vel debitis explicabo quas qui','Albertofurt','Myanmar'),(96,'x','2017-06-16',99075315,'Corporis qui ut culpa repellat','Raquelside','Antarctica (the territory South of 60 deg S)'),(97,'f','1972-01-28',30464,'Est rerum quis provident ut as','Lucindaport','Chile'),(98,'x','1997-06-27',166715,'Ut laboriosam nam est molestia','West Clarabelle','Micronesia'),(99,'f','1986-11-20',997790,'Accusamus inventore quos disti','Elinormouth','Martinique'),(100,'f','2011-12-08',605,'Sunt magni soluta nihil illum.','D\'Amoreland','New Caledonia');
/*!40000 ALTER TABLE `profiles` ENABLE KEYS */;
UNLOCK TABLES;

--
-- Table structure for table `user_posts`
--

DROP TABLE IF EXISTS `user_posts`;
/*!40101 SET @saved_cs_client     = @@character_set_client */;
/*!50503 SET character_set_client = utf8mb4 */;
CREATE TABLE `user_posts` (
  `post_id` bigint unsigned NOT NULL AUTO_INCREMENT,
  `user_id` bigint unsigned NOT NULL,
  `created_at` datetime NOT NULL DEFAULT CURRENT_TIMESTAMP,
  `post_txt` text NOT NULL,
  PRIMARY KEY (`post_id`),
  KEY `fk_user_post_idx` (`user_id`),
  CONSTRAINT `fk_user_post` FOREIGN KEY (`user_id`) REFERENCES `users` (`id`)
) ENGINE=InnoDB DEFAULT CHARSET=utf8mb4 COLLATE=utf8mb4_0900_ai_ci;
/*!40101 SET character_set_client = @saved_cs_client */;

--
-- Dumping data for table `user_posts`
--

LOCK TABLES `user_posts` WRITE;
/*!40000 ALTER TABLE `user_posts` DISABLE KEYS */;
/*!40000 ALTER TABLE `user_posts` ENABLE KEYS */;
UNLOCK TABLES;

--
-- Table structure for table `users`
--

DROP TABLE IF EXISTS `users`;
/*!40101 SET @saved_cs_client     = @@character_set_client */;
/*!50503 SET character_set_client = utf8mb4 */;
CREATE TABLE `users` (
  `id` bigint unsigned NOT NULL AUTO_INCREMENT,
  `first_name` varchar(145) CHARACTER SET utf8mb4 COLLATE utf8mb4_unicode_ci NOT NULL,
  `last_name` varchar(145) CHARACTER SET utf8mb4 COLLATE utf8mb4_unicode_ci NOT NULL,
  `email` varchar(145) CHARACTER SET utf8mb4 COLLATE utf8mb4_unicode_ci NOT NULL,
  `phone` varchar(11) CHARACTER SET utf8mb4 COLLATE utf8mb4_unicode_ci DEFAULT NULL,
  `password_hash` char(65) CHARACTER SET utf8mb4 COLLATE utf8mb4_unicode_ci DEFAULT NULL,
  `created_at` datetime NOT NULL DEFAULT CURRENT_TIMESTAMP,
  PRIMARY KEY (`id`),
  UNIQUE KEY `email_unique` (`email`),
  UNIQUE KEY `phone_unique` (`phone`)
) ENGINE=InnoDB AUTO_INCREMENT=101 DEFAULT CHARSET=utf8mb4 COLLATE=utf8mb4_unicode_ci;
/*!40101 SET character_set_client = @saved_cs_client */;

--
-- Dumping data for table `users`
--

LOCK TABLES `users` WRITE;
/*!40000 ALTER TABLE `users` DISABLE KEYS */;
INSERT INTO `users` VALUES (1,'Loyce','Kozey','prodriguez@example.net','596-985-071','076ad7d15f75b6d02978713c8dca83c7bf86133c','2008-01-19 12:09:17'),(2,'Julius','Nitzsche','rogahn.dee@example.net','1-242-138-1','892ec9e5936151c0d36d0cdf4f9cc0e00e9543d6','2009-04-27 00:27:23'),(3,'Roderick','Medhurst','evan.ward@example.com','(466)711-45','712acc05179d6896e97536dcd1d7a897a1094126','2011-09-15 19:41:01'),(4,'Asa','Langosh','tyler.marvin@example.com','+48(4)88681','d94869dc83c9c5db3478c83a43822376ccfaf33d','2000-06-21 21:45:40'),(5,'Mikel','Wiza','merl.bogisich@example.net','(430)529-22','77a277b5f5543024fbe236f9327464f5a1f362ae','1988-11-19 04:32:08'),(6,'Jedidiah','Gottlieb','crist.nathen@example.com','09450237335','cb754806ac576626b357b635e772d32f38b32578','2019-11-15 01:56:13'),(7,'Celia','Nader','ebert.lavern@example.org','1-626-646-4','0ad7f885a3445ab9fd23f08a3217480b48c1125f','1971-04-12 16:22:45'),(8,'Mose','Maggio','morar.delbert@example.net','856.207.039','d400a3af33faceea2af7428d865ca89eea39096d','1970-03-12 16:00:50'),(9,'Mariano','Sporer','joanny.macejkovic@example.net','227-190-499','376f27f9aacec0a3bdcc731f99c9c0c354cf97e0','2012-06-19 20:03:51'),(10,'Telly','Muller','adrain.jerde@example.net','+89(5)69848','22cc521fd316e97cdf58ec702825524c467565ea','2018-08-05 20:05:08'),(11,'Ray','Hauck','elnora.walter@example.org','098.779.925','39acc8943611536dd31385310e726d5986272b07','2001-10-01 09:54:15'),(12,'Janessa','Barrows','bergstrom.keshawn@example.org','809.035.064','2d94f4a0b8a81a6918eb3060a1f2bef4818922c2','2008-07-11 02:18:25'),(13,'Jaylin','Cremin','katharina.walker@example.org','057-993-022','a488d18536a46b2fcf3d4929d6b241aaab76be3e','1984-07-08 21:44:16'),(14,'Eleazar','Hilpert','colton21@example.net','204-045-782','f2004ca42a69805e07b34f049cd8568a34090c3f','2007-12-27 17:53:08'),(15,'Oran','Bauch','kulas.cruz@example.com','436.024.594','3ecfe7b86aeb426880d42cd1f0717d315c88e609','2000-03-28 22:43:46'),(16,'Anissa','Corkery','gleason.henriette@example.com','(374)844-83','d5a96dcdd61972b2d34d0a5e721f37b57df4bbe3','2018-02-16 23:20:47'),(17,'Laurence','Schaefer','salvatore.rosenbaum@example.org','014.359.748','d77eb805d00721f69218cf676dd6c75e36f441df','1987-07-15 12:30:26'),(18,'Velva','Farrell','hodkiewicz.abner@example.com','03766863000','6002cb310653172be380f12f8864f83c48562c6a','1973-03-25 22:41:59'),(19,'Lonzo','Schaefer','madison10@example.net','1-607-332-0','447f38c5dc51b545cc109c12b96a104a0e26546d','2010-09-11 21:20:19'),(20,'Manley','Medhurst','dlittel@example.com','1-902-028-6','bf07fe5ddf201d307564c125fe15affe926bf0c1','2009-02-26 19:52:43'),(21,'Rachelle','Reichel','schuppe.genesis@example.net','(663)857-63','42e76c8d384a0f966a5635075067ef62d6820136','2011-06-03 18:52:56'),(22,'Emmanuel','Leffler','irice@example.com','09398762877','02c144825b7b5bcf2a5b62a3e1ca1e616269163f','1983-01-08 22:10:16'),(23,'Ciara','Lang','leola60@example.com','(220)306-15','00ebacc4b26fdd99f197840a13137750f2e256e8','1999-07-23 08:13:59'),(24,'Raleigh','Cartwright','josh26@example.net','(805)177-41','6d69759352d917489b21048f0157da33272147de','2003-10-02 09:27:50'),(25,'Michale','Abbott','mharris@example.com','(730)795-91','6a3a626cc13144245336a21fe9d16570aaa91268','2018-05-01 21:40:44'),(26,'Stephan','Eichmann','doyle.marilie@example.com','1-348-775-9','7afcb300bbbe0bcb0b3e9bba75825eb85d022b51','1992-12-04 01:38:27'),(27,'Jett','Ziemann','caterina.harber@example.com','1-285-948-0','4e663c63c32cfa7a3dd2079a6a334cb868c4f3d2','2012-01-07 11:09:10'),(28,'Marge','Rippin','bkling@example.net','196-365-151','3df72ca73745bc3d78db340ff5f71b0057e6c844','1970-01-25 13:38:05'),(29,'Jamir','Jast','rrolfson@example.net','(942)295-65','f2e38a75437a5d907062ce64e96716fc8b144811','1990-03-13 07:45:05'),(30,'Nayeli','Vandervort','frida.daniel@example.net','414-246-101','be5c4c91f126228d01dcd0b96ea32435405d5fcd','1993-08-31 02:10:32'),(31,'Jerald','Pfeffer','mitchell.carley@example.com','(384)497-95','0d33e97bbfd498d0e5234f6e702dc344f903023b','2003-12-01 15:56:16'),(32,'Susie','Kulas','major43@example.com','955-890-584','b960f2aa6c8aff1ab77691472ecd4600a5aa6108','2005-09-20 14:34:47'),(33,'Janet','Flatley','tbauch@example.com','(073)120-52','c7e53f9c70041c228e51c008ce27940de078b7dd','1997-02-04 11:22:23'),(34,'Gwendolyn','Williamson','annalise97@example.net','04404546064','56f0249a0c04d138c050ad17ecf7ab7c6538b2eb','1981-08-28 17:38:15'),(35,'Stanford','Tillman','joshua.torphy@example.org','+97(0)58394','92c31cd5dba7d4d7e5e9d7aca26160d8d552da47','2020-01-23 08:15:20'),(36,'Cody','Kuhic','heathcote.kailey@example.org','(784)142-60','3e57063a61765cc22a48722820e73166d5536326','1983-04-17 00:26:11'),(37,'Jordane','Leannon','ecarter@example.net','(540)153-70','548697f2eeb48de46715fdfc2fc1c645267939d4','1991-01-16 09:20:16'),(38,'Orion','Thiel','emelia.doyle@example.org','554.821.128','58fd178e9c14affc74c2168249f2824c54558f78','2015-11-25 22:09:33'),(39,'Franco','Greenfelder','andres03@example.org','(692)678-61','3fac25010f272bf87ea48d0772477614e41d1b10','1987-10-12 06:41:57'),(40,'Reginald','Yundt','kschneider@example.net','(167)882-65','ff4a08c2aa3a0f645f039dd77450995faf2adc71','2012-04-14 16:07:33'),(41,'Oswaldo','Rau','dee48@example.org','459-103-659','f83c0d4f6380ba11f5b41a448a74926b61622a2d','2003-11-15 16:13:16'),(42,'Caitlyn','Wuckert','lolita.macejkovic@example.com','329-393-440','39aabdd813357932da68d1e0e4dc0133c90576fc','1980-05-05 09:03:11'),(43,'Coty','Daugherty','kbarton@example.net','(033)409-46','345a4f6d7a02b3573988b21dac1d7a8307c34e24','1977-09-05 19:05:11'),(44,'Pauline','Lebsack','bzemlak@example.org','(120)305-47','e1b596037264c22f639d70025d0728dd862caed8','1996-05-28 11:00:42'),(45,'Kailey','Balistreri','johnson.elsie@example.com','(606)730-87','8cce829a970f2687e75b7537cd7d2f5d35a3b1d9','1981-12-14 07:03:12'),(46,'Justina','Rutherford','xnitzsche@example.org','1-021-308-2','57df3d7567dcc6b6363db3ed596a349c8fd38372','1984-03-22 14:58:08'),(47,'Bennie','Rice','sylvia.nikolaus@example.net','987-562-757','5220e63303c8119a52231ae88fc553f61d485604','2010-03-02 14:22:06'),(48,'Carissa','Dietrich','hollie.deckow@example.net','(048)513-58','7aaa0a2372dcd4a80e2f326a6464058ef662a984','1979-10-14 10:11:57'),(49,'Kim','Dooley','bmoen@example.net','07310843486','8d96f06d128f12955b7f8f9a9d96e2211c2d98d1','2002-05-30 21:57:18'),(50,'Hardy','Hackett','casper.veda@example.net','(980)753-41','b0bcf56b630c798a908017156c59552d4d5899b5','2001-10-24 19:13:12'),(51,'Kip','Stoltenberg','reynolds.dahlia@example.com','648.630.931','707249d38ec749acf835b6d3dbf9747b89d0bcab','1997-06-07 05:56:49'),(52,'Marcia','Kunze','abraham.shanahan@example.org','758-594-641','5e4d9e9283db8b1c6724230382ca63a34fab11f9','2002-09-17 18:32:40'),(53,'Fernando','Nader','augustus31@example.org','970.040.582','5083b3f8986bf2ba73fa8e1e240c3f93fddd1c48','2002-04-26 01:17:29'),(54,'Oren','Adams','tcollier@example.net','943.527.289','0644c856041c33b3b888c0f74ea10f92e5146ad5','2020-12-30 19:36:22'),(55,'Shanel','Rodriguez','tcasper@example.org','1-078-263-9','a6dd5441f5c3c590bef5b41482c22a6471e7fe5b','1991-07-09 15:36:54'),(56,'Amari','Rowe','neil.mclaughlin@example.org','06832394055','9200ad3a927097f39c6b4a719d55182ac5e6a074','2019-05-15 06:05:46'),(57,'Adolphus','Reinger','weldon11@example.org','+20(6)51061','3ceccab71e20f1bf7e1c2c1aa76a4812dcbdc9af','1978-12-29 10:05:47'),(58,'Rodolfo','Hilll','austyn.lemke@example.org','749.169.402','1064bea71cea336fbd2eab0b4c4d231927163e84','2005-04-02 21:58:59'),(59,'Rhianna','Smith','tanya.harber@example.com','308.073.801','ab6cffb16d5acbb0f9f2b3e9fbd13c933f788244','2018-04-18 03:16:40'),(60,'Talon','Toy','stroman.aaliyah@example.com','1-166-364-2','9d7b650763693a875c1fc1300f857c8ea86ff803','2020-10-27 06:22:00'),(61,'Alize','Ondricka','miller.zola@example.net','755-822-519','66f02f98b58b8945b420699e81bb3f7a9654bb0b','1971-12-16 14:02:38'),(62,'Ezra','Hahn','gerlach.stanley@example.org','156-833-558','d52355755e29a6f4c6fc1efd18dfe3a7d526fff6','2020-09-13 12:02:50'),(63,'Sidney','Abshire','dvon@example.org','+04(8)37582','3a5fbb08bab42e409273c1f3560c58505405fe7c','1999-04-06 03:21:43'),(64,'Holly','Huel','lavern.hoppe@example.org','761-421-713','4b3f313dd922534839f744ad8a57828f4ad5243f','1988-11-09 05:14:12'),(65,'Chris','Kihn','roxane.kuhlman@example.net','145-566-816','57430afd3578013fd6525864cca4290de7721706','2018-08-23 19:47:09'),(66,'Alva','Paucek','connelly.rosalinda@example.com','404.233.460','e0868cde6d37a2adc7bed99a8c50ca8677aeaf2d','1972-11-28 20:47:27'),(67,'Madisyn','Pouros','qmayer@example.net','192.390.939','121cac959ae55ed746ea450c040e2b3973d0c366','2015-11-22 16:08:59'),(68,'Werner','Ward','lkeeling@example.com','(056)136-33','24b983f408db8f8fc25097ca792606308f480bb3','2014-05-19 18:16:31'),(69,'Paxton','Ryan','alfonso.gerlach@example.net','(592)516-26','b7e230e19aeb1ac8258f11f66fa013ab8ed0e0f2','1980-12-07 13:09:36'),(70,'Sam','Rowe','aletha.mckenzie@example.net','521-820-799','255521de11337cba5c37c6b61f28bca1c29922e6','1972-11-25 12:24:15'),(71,'Meta','Mann','esperanza.murphy@example.org','(839)696-18','8f47eab1323622556b7a4e98dce427529830126c','1984-10-10 01:10:34'),(72,'Kole','Carter','trycia.marks@example.com','888.915.189','290597265da371f70151945864929a505c41a132','1973-03-21 15:33:32'),(73,'Mollie','Pagac','pfannerstill.amiya@example.com','(214)840-05','807c16686af822607f199ca7bde9369fdf0c84a5','2001-11-07 20:17:45'),(74,'Helene','Gibson','carmela63@example.org','(313)075-98','4b2fd259eef0ca63a26b74171cf6b8ff1034c41a','1976-01-30 23:44:44'),(75,'Elinor','Schimmel','vkeebler@example.net','641.957.547','fe5655de8e24d79933d0fe006f33960940a144f1','2019-04-08 06:39:59'),(76,'Stefan','Toy','lstark@example.org','(467)106-83','42512f8c21c1028e41d493094ac64ab4a1987c3c','1992-01-23 18:47:47'),(77,'Kelli','Douglas','cordelia.predovic@example.com','114.428.030','682ef3724759328ab1224638fce483ddeeb912bc','1974-11-05 14:59:50'),(78,'Webster','Quigley','verna06@example.com','957.745.449','d02ed6a4079a4522cacc4f66edafd351a4d3693b','1983-11-24 00:50:09'),(79,'Kayla','Watsica','anna60@example.com','04347905651','8de1d115efc7878486f602ced1c24699f60a4be1','1998-12-08 05:02:19'),(80,'Angelo','Bergstrom','daugherty.layla@example.com','1-503-863-2','a0ae3fde6fcdf262041ff548c486951cc3a2fff1','2001-10-12 01:59:04'),(81,'Pamela','Lesch','ikirlin@example.com','1-557-471-1','0cd4fd3776dfafc7efccadc4ade112f208869446','1992-08-30 15:44:07'),(82,'Julie','Bergstrom','vpfeffer@example.org','(525)865-39','69c379d99e1f72fbdfe3d8a7f94a15e631d21c3c','1977-10-10 12:04:48'),(83,'Leonardo','Turcotte','qfadel@example.com','275.056.962','e664fade2aaf649616335505074427674b1edf84','1974-01-24 01:04:22'),(84,'Adell','Considine','franz.hauck@example.org','1-552-782-0','eff16acf3934ffbf9eef61eeb56bf35a25c22cb6','1986-02-11 07:32:28'),(85,'Bryana','Romaguera','reuben.kemmer@example.org','622-977-956','62aaf0adacee7bafc6ce46a56b6193c568b07496','1998-05-28 06:34:18'),(86,'Burnice','Jast','bernita.veum@example.com','754.026.326','93a05f3d3f15931751922dcf3b839826a30b0bac','1970-09-12 13:03:26'),(87,'Ebba','Brown','pleannon@example.org','462-862-833','ef0087c4502438b25c13acf79dfd9579cc13fbb3','2017-05-30 18:49:14'),(88,'Miles','Mosciski','marco.pfannerstill@example.org','1-605-420-5','873ad00a20592f1d95b70e4eb404534e70000faf','1998-10-03 18:10:10'),(89,'Geovany','Feest','maida27@example.org','07737992101','d81533ed9fdb2153d280da20578c5f026ad1acae','2007-05-13 09:57:38'),(90,'Jerel','Steuber','holden.cruickshank@example.org','(834)021-02','e9fb8c31dd52dcccd33f216917441c2a3b58fde3','2020-04-20 16:59:10'),(91,'Cullen','Gaylord','renner.zackary@example.org','627.900.695','ea68f9185434a2a60fe858f38caad96dc3fa95a4','2018-01-01 06:39:54'),(92,'Eliza','Wiegand','lwehner@example.com','1-072-290-1','572ae2f31ae78746903d9217dba80bba38354add','2014-04-06 04:57:05'),(93,'Elva','Dicki','ehaag@example.net','927-315-688','9649912edabdd38ce5122d7b7deae3fc6ee7dca6','1974-02-24 15:36:50'),(94,'Brock','VonRueden','scartwright@example.org','877-012-106','52c88974b28bc58a2c92b25d3a849c3f75122665','2005-03-14 16:21:12'),(95,'Rowena','Johns','billy12@example.com','482.520.123','d33ae4059f9505ff451532ffc61bdb09f9b94979','1972-05-25 19:52:09'),(96,'Jay','Haag','estel.barton@example.com','645-289-718','e7dc4ae5d699093058f027cbf8434b57e09d170c','1983-05-23 06:49:39'),(97,'Josh','Upton','zkoss@example.org','1-219-196-9','669c792678bbe4e484be131a23a53235178f6660','1981-12-26 08:52:38'),(98,'Cassandra','Wisoky','johnston.hayley@example.net','887-089-273','b75bb4bc11499db115f84aa1b2831d5509db259b','1989-08-05 04:28:52'),(99,'Nannie','Trantow','lemmerich@example.org','1-721-775-0','2518ab6ae5515b96a2fe83ffdc65b8b738dde997','1976-10-25 03:28:59'),(100,'Jarred','Collins','ofarrell@example.org','912.813.554','0d699933ce6a4344ba47cb13187f6247c7d5375e','1979-10-22 21:13:36');
/*!40000 ALTER TABLE `users` ENABLE KEYS */;
UNLOCK TABLES;
/*!40103 SET TIME_ZONE=@OLD_TIME_ZONE */;

/*!40101 SET SQL_MODE=@OLD_SQL_MODE */;
/*!40014 SET FOREIGN_KEY_CHECKS=@OLD_FOREIGN_KEY_CHECKS */;
/*!40014 SET UNIQUE_CHECKS=@OLD_UNIQUE_CHECKS */;
/*!40101 SET CHARACTER_SET_CLIENT=@OLD_CHARACTER_SET_CLIENT */;
/*!40101 SET CHARACTER_SET_RESULTS=@OLD_CHARACTER_SET_RESULTS */;
/*!40101 SET COLLATION_CONNECTION=@OLD_COLLATION_CONNECTION */;
/*!40111 SET SQL_NOTES=@OLD_SQL_NOTES */;

-- Dump completed on 2021-03-16 20:36:15
